-- phpMyAdmin SQL Dump
-- version 5.2.1
-- https://www.phpmyadmin.net/
--
-- Servidor: 127.0.0.1:3307
-- Tiempo de generación: 08-05-2026 a las 04:22:26
-- Versión del servidor: 10.4.32-MariaDB
-- Versión de PHP: 8.2.12

SET SQL_MODE = "NO_AUTO_VALUE_ON_ZERO";
START TRANSACTION;
SET time_zone = "+00:00";


/*!40101 SET @OLD_CHARACTER_SET_CLIENT=@@CHARACTER_SET_CLIENT */;
/*!40101 SET @OLD_CHARACTER_SET_RESULTS=@@CHARACTER_SET_RESULTS */;
/*!40101 SET @OLD_COLLATION_CONNECTION=@@COLLATION_CONNECTION */;
/*!40101 SET NAMES utf8mb4 */;

--
-- Base de datos: `personal`
--

-- --------------------------------------------------------

--
-- Estructura de tabla para la tabla `corregimiento`
--

CREATE TABLE `corregimiento` (
  `codigo_provincia` varchar(2) NOT NULL,
  `codigo_distrito` varchar(4) NOT NULL,
  `codigo` varchar(2) NOT NULL,
  `codigo_corregimiento` varchar(6) NOT NULL,
  `nombre_corregimiento` varchar(150) NOT NULL,
  `usuario_creacion` varchar(20) NOT NULL,
  `fecha_creacion` date NOT NULL,
  `hora_creacion` time NOT NULL,
  `usuario_actualiza` varchar(20) NOT NULL,
  `fecha_actualiza` date NOT NULL,
  `hora_actualiza` time NOT NULL,
  `detalle_conexion_creacion` varchar(200) NOT NULL,
  `detalle_conexion_actualiza` varchar(200) NOT NULL
) ENGINE=InnoDB DEFAULT CHARSET=utf8 COLLATE=utf8_unicode_ci;

--
-- Volcado de datos para la tabla `corregimiento`
--

INSERT INTO `corregimiento` (`codigo_provincia`, `codigo_distrito`, `codigo`, `codigo_corregimiento`, `nombre_corregimiento`, `usuario_creacion`, `fecha_creacion`, `hora_creacion`, `usuario_actualiza`, `fecha_actualiza`, `hora_actualiza`, `detalle_conexion_creacion`, `detalle_conexion_actualiza`) VALUES
('01', '0101', '01', '010101', 'BOCAS DEL TORO (CAB.)', '', '0000-00-00', '00:00:00', '', '0000-00-00', '00:00:00', '', ''),
('01', '0101', '02', '010102', 'BASTIMENTOS', '', '0000-00-00', '00:00:00', '', '0000-00-00', '00:00:00', '', ''),
('01', '0101', '03', '010103', 'CAUCHERO', '', '0000-00-00', '00:00:00', '', '0000-00-00', '00:00:00', '', ''),
('01', '0101', '04', '010104', 'PUNTA LAUREL', '', '0000-00-00', '00:00:00', '', '0000-00-00', '00:00:00', '', ''),
('01', '0101', '05', '010105', 'TIERRA OSCURA', '', '0000-00-00', '00:00:00', '', '0000-00-00', '00:00:00', '', ''),
('01', '0102', '01', '010201', 'CHANGUINOLA (CAB.)', '', '0000-00-00', '00:00:00', '', '0000-00-00', '00:00:00', '', ''),
('01', '0102', '02', '010202', 'BARRIADA 4 DE ABRIL', '', '0000-00-00', '00:00:00', '', '0000-00-00', '00:00:00', '', ''),
('01', '0102', '03', '010203', 'GUABITO', '', '0000-00-00', '00:00:00', '', '0000-00-00', '00:00:00', '', ''),
('01', '0102', '04', '010204', 'EL TERIBE', '', '0000-00-00', '00:00:00', '', '0000-00-00', '00:00:00', '', ''),
('01', '0102', '05', '010205', 'FINCA 30', '', '0000-00-00', '00:00:00', '', '0000-00-00', '00:00:00', '', ''),
('01', '0102', '06', '010206', 'FINCA 6', '', '0000-00-00', '00:00:00', '', '0000-00-00', '00:00:00', '', ''),
('01', '0102', '07', '010207', 'FINCA 60', '', '0000-00-00', '00:00:00', '', '0000-00-00', '00:00:00', '', ''),
('01', '0102', '08', '010208', 'EL EMPALME', '', '0000-00-00', '00:00:00', '', '0000-00-00', '00:00:00', '', ''),
('01', '0102', '09', '010209', 'EL SILENCIO', '', '0000-00-00', '00:00:00', '', '0000-00-00', '00:00:00', '', ''),
('01', '0102', '10', '010210', 'LAS TABLAS', '', '0000-00-00', '00:00:00', '', '0000-00-00', '00:00:00', '', ''),
('01', '0102', '11', '010211', 'LAS DELICIAS', '', '0000-00-00', '00:00:00', '', '0000-00-00', '00:00:00', '', ''),
('01', '0102', '12', '010212', 'COCHIGRO', '', '0000-00-00', '00:00:00', '', '0000-00-00', '00:00:00', '', ''),
('01', '0102', '13', '010213', 'LA GLORIA', '', '0000-00-00', '00:00:00', '', '0000-00-00', '00:00:00', '', ''),
('01', '0103', '01', '010301', 'CHIRIQUí GRANDE (CAB.)', '', '0000-00-00', '00:00:00', '', '0000-00-00', '00:00:00', '', ''),
('01', '0103', '02', '010302', 'MIRAMAR', '', '0000-00-00', '00:00:00', '', '0000-00-00', '00:00:00', '', ''),
('01', '0103', '03', '010303', 'PUNTA PEí€˜A', '', '0000-00-00', '00:00:00', '', '0000-00-00', '00:00:00', '', ''),
('01', '0103', '04', '010304', 'PUNTA ROBALO', '', '0000-00-00', '00:00:00', '', '0000-00-00', '00:00:00', '', ''),
('01', '0103', '05', '010305', 'RAMBALA', '', '0000-00-00', '00:00:00', '', '0000-00-00', '00:00:00', '', ''),
('01', '0103', '06', '010306', 'BAJO CEDRO', '', '0000-00-00', '00:00:00', '', '0000-00-00', '00:00:00', '', ''),
('01', '0104', '01', '010401', 'ALMIRANTE (CAB.)', '', '0000-00-00', '00:00:00', '', '0000-00-00', '00:00:00', '', ''),
('01', '0104', '02', '010402', 'VALLE DEL RISCí€œ', '', '0000-00-00', '00:00:00', '', '0000-00-00', '00:00:00', '', ''),
('01', '0104', '03', '010403', 'VALLE DE AGUA ARRIBA', '', '0000-00-00', '00:00:00', '', '0000-00-00', '00:00:00', '', ''),
('01', '0104', '04', '010404', 'NANCE DE RISCí€œ', '', '0000-00-00', '00:00:00', '', '0000-00-00', '00:00:00', '', ''),
('01', '0104', '05', '010405', 'BARRIADA GUAYMí', '', '0000-00-00', '00:00:00', '', '0000-00-00', '00:00:00', '', ''),
('01', '0104', '06', '010406', 'BARRIO FRANCí€°S', '', '0000-00-00', '00:00:00', '', '0000-00-00', '00:00:00', '', ''),
('02', '0201', '01', '020101', 'AGUADULCE (CAB.)', '', '0000-00-00', '00:00:00', '', '0000-00-00', '00:00:00', '', ''),
('02', '0201', '02', '020102', 'EL CRISTO', '', '0000-00-00', '00:00:00', '', '0000-00-00', '00:00:00', '', ''),
('02', '0201', '03', '020103', 'EL ROBLE', '', '0000-00-00', '00:00:00', '', '0000-00-00', '00:00:00', '', ''),
('02', '0201', '04', '020104', 'POCRí', '', '0000-00-00', '00:00:00', '', '0000-00-00', '00:00:00', '', ''),
('02', '0201', '05', '020105', 'BARRIOS UNIDOS', '', '0000-00-00', '00:00:00', '', '0000-00-00', '00:00:00', '', ''),
('02', '0201', '06', '020106', 'PUEBLOS UNIDOS', '', '0000-00-00', '00:00:00', '', '0000-00-00', '00:00:00', '', ''),
('02', '0201', '07', '020107', 'VIRGEN DEL CARMEN', '', '0000-00-00', '00:00:00', '', '0000-00-00', '00:00:00', '', ''),
('02', '0201', '08', '020108', 'HATO DE SAN JUAN DE DIOS', '', '0000-00-00', '00:00:00', '', '0000-00-00', '00:00:00', '', ''),
('02', '0202', '01', '020201', 'ANTí€œN (CAB.)', '', '0000-00-00', '00:00:00', '', '0000-00-00', '00:00:00', '', ''),
('02', '0202', '02', '020202', 'CABUYA', '', '0000-00-00', '00:00:00', '', '0000-00-00', '00:00:00', '', ''),
('02', '0202', '03', '020203', 'EL CHIRíƒÅ¡', '', '0000-00-00', '00:00:00', '', '0000-00-00', '00:00:00', '', ''),
('02', '0202', '04', '020204', 'EL RETIRO', '', '0000-00-00', '00:00:00', '', '0000-00-00', '00:00:00', '', ''),
('02', '0202', '05', '020205', 'EL VALLE', '', '0000-00-00', '00:00:00', '', '0000-00-00', '00:00:00', '', ''),
('02', '0202', '06', '020206', 'JUAN DíAZ', '', '0000-00-00', '00:00:00', '', '0000-00-00', '00:00:00', '', ''),
('02', '0202', '07', '020207', 'RíO HATO', '', '0000-00-00', '00:00:00', '', '0000-00-00', '00:00:00', '', ''),
('02', '0202', '08', '020208', 'SAN JUAN DE DIOS', '', '0000-00-00', '00:00:00', '', '0000-00-00', '00:00:00', '', ''),
('02', '0202', '09', '020209', 'SANTA RITA', '', '0000-00-00', '00:00:00', '', '0000-00-00', '00:00:00', '', ''),
('02', '0202', '10', '020210', 'CABALLERO', '', '0000-00-00', '00:00:00', '', '0000-00-00', '00:00:00', '', ''),
('02', '0203', '01', '020301', 'LA PINTADA (CAB.)', '', '0000-00-00', '00:00:00', '', '0000-00-00', '00:00:00', '', ''),
('02', '0203', '02', '020302', 'EL HARINO', '', '0000-00-00', '00:00:00', '', '0000-00-00', '00:00:00', '', ''),
('02', '0203', '03', '020303', 'EL POTRERO', '', '0000-00-00', '00:00:00', '', '0000-00-00', '00:00:00', '', ''),
('02', '0203', '04', '020304', 'LLANO GRANDE', '', '0000-00-00', '00:00:00', '', '0000-00-00', '00:00:00', '', ''),
('02', '0203', '05', '020305', 'PIEDRAS GORDAS', '', '0000-00-00', '00:00:00', '', '0000-00-00', '00:00:00', '', ''),
('02', '0203', '06', '020306', 'LAS LOMAS', '', '0000-00-00', '00:00:00', '', '0000-00-00', '00:00:00', '', ''),
('02', '0203', '07', '020307', 'LLANO NORTE', '', '0000-00-00', '00:00:00', '', '0000-00-00', '00:00:00', '', ''),
('02', '0204', '01', '020401', 'NATí (CAB.)', '', '0000-00-00', '00:00:00', '', '0000-00-00', '00:00:00', '', ''),
('02', '0204', '02', '020402', 'CAPELLANíA', '', '0000-00-00', '00:00:00', '', '0000-00-00', '00:00:00', '', ''),
('02', '0204', '03', '020403', 'EL CAí€˜O', '', '0000-00-00', '00:00:00', '', '0000-00-00', '00:00:00', '', ''),
('02', '0204', '04', '020404', 'GUZMíN', '', '0000-00-00', '00:00:00', '', '0000-00-00', '00:00:00', '', ''),
('02', '0204', '05', '020405', 'LAS HUACAS', '', '0000-00-00', '00:00:00', '', '0000-00-00', '00:00:00', '', ''),
('02', '0204', '06', '020406', 'TOZA', '', '0000-00-00', '00:00:00', '', '0000-00-00', '00:00:00', '', ''),
('02', '0204', '07', '020407', 'VILLAREAL', '', '0000-00-00', '00:00:00', '', '0000-00-00', '00:00:00', '', ''),
('02', '0205', '01', '020501', 'OLí (CAB.)', '', '0000-00-00', '00:00:00', '', '0000-00-00', '00:00:00', '', ''),
('02', '0205', '02', '020502', 'EL COPí€°', '', '0000-00-00', '00:00:00', '', '0000-00-00', '00:00:00', '', ''),
('02', '0205', '03', '020503', 'EL PALMAR', '', '0000-00-00', '00:00:00', '', '0000-00-00', '00:00:00', '', ''),
('02', '0205', '04', '020504', 'EL PICACHO', '', '0000-00-00', '00:00:00', '', '0000-00-00', '00:00:00', '', ''),
('02', '0205', '05', '020505', 'LA PAVA', '', '0000-00-00', '00:00:00', '', '0000-00-00', '00:00:00', '', ''),
('02', '0206', '01', '020601', 'PENONOMí€° (CAB.)', '', '0000-00-00', '00:00:00', '', '0000-00-00', '00:00:00', '', ''),
('02', '0206', '02', '020602', 'CAí€˜AVERAL', '', '0000-00-00', '00:00:00', '', '0000-00-00', '00:00:00', '', ''),
('02', '0206', '03', '020603', 'COCLí€°', '', '0000-00-00', '00:00:00', '', '0000-00-00', '00:00:00', '', ''),
('02', '0206', '04', '020604', 'CHIGUIRí ARRIBA', '', '0000-00-00', '00:00:00', '', '0000-00-00', '00:00:00', '', ''),
('02', '0206', '05', '020605', 'EL COCO', '', '0000-00-00', '00:00:00', '', '0000-00-00', '00:00:00', '', ''),
('02', '0206', '06', '020606', 'PAJONAL', '', '0000-00-00', '00:00:00', '', '0000-00-00', '00:00:00', '', ''),
('02', '0206', '07', '020607', 'RíO GRANDE', '', '0000-00-00', '00:00:00', '', '0000-00-00', '00:00:00', '', ''),
('02', '0206', '08', '020608', 'RíO INDIO', '', '0000-00-00', '00:00:00', '', '0000-00-00', '00:00:00', '', ''),
('02', '0206', '09', '020609', 'TOABRí€°', '', '0000-00-00', '00:00:00', '', '0000-00-00', '00:00:00', '', ''),
('02', '0206', '10', '020610', 'TULíƒÅ¡', '', '0000-00-00', '00:00:00', '', '0000-00-00', '00:00:00', '', ''),
('03', '0301', '01', '030101', 'BARRIO NORTE', '', '0000-00-00', '00:00:00', '', '0000-00-00', '00:00:00', '', ''),
('03', '0301', '02', '030102', 'BARRIO SUR', '', '0000-00-00', '00:00:00', '', '0000-00-00', '00:00:00', '', ''),
('03', '0301', '03', '030103', 'BUENA VISTA', '', '0000-00-00', '00:00:00', '', '0000-00-00', '00:00:00', '', ''),
('03', '0301', '04', '030104', 'CATIVí', '', '0000-00-00', '00:00:00', '', '0000-00-00', '00:00:00', '', ''),
('03', '0301', '05', '030105', 'CIRICITO', '', '0000-00-00', '00:00:00', '', '0000-00-00', '00:00:00', '', ''),
('03', '0301', '06', '030106', 'CRISTí€œBAL', '', '0000-00-00', '00:00:00', '', '0000-00-00', '00:00:00', '', ''),
('03', '0301', '07', '030107', 'ESCOBAL', '', '0000-00-00', '00:00:00', '', '0000-00-00', '00:00:00', '', ''),
('03', '0301', '08', '030108', 'LIMí€œN', '', '0000-00-00', '00:00:00', '', '0000-00-00', '00:00:00', '', ''),
('03', '0301', '09', '030109', 'NUEVA PROVIDENCIA', '', '0000-00-00', '00:00:00', '', '0000-00-00', '00:00:00', '', ''),
('03', '0301', '10', '030110', 'PUERTO PILí€œN', '', '0000-00-00', '00:00:00', '', '0000-00-00', '00:00:00', '', ''),
('03', '0301', '11', '030111', 'SABANITAS', '', '0000-00-00', '00:00:00', '', '0000-00-00', '00:00:00', '', ''),
('03', '0301', '12', '030112', 'SALAMANCA', '', '0000-00-00', '00:00:00', '', '0000-00-00', '00:00:00', '', ''),
('03', '0301', '13', '030113', 'SAN JUAN', '', '0000-00-00', '00:00:00', '', '0000-00-00', '00:00:00', '', ''),
('03', '0301', '14', '030114', 'SANTA ROSA', '', '0000-00-00', '00:00:00', '', '0000-00-00', '00:00:00', '', ''),
('03', '0301', '15', '030115', 'CRISTí€œBAL ESTE', '', '0000-00-00', '00:00:00', '', '0000-00-00', '00:00:00', '', ''),
('03', '0302', '01', '030201', 'NUEVO CHAGRES (CAB.)', '', '0000-00-00', '00:00:00', '', '0000-00-00', '00:00:00', '', ''),
('03', '0302', '02', '030202', 'ACHIOTE', '', '0000-00-00', '00:00:00', '', '0000-00-00', '00:00:00', '', ''),
('03', '0302', '03', '030203', 'EL GUABO', '', '0000-00-00', '00:00:00', '', '0000-00-00', '00:00:00', '', ''),
('03', '0302', '04', '030204', 'LA ENCANTADA', '', '0000-00-00', '00:00:00', '', '0000-00-00', '00:00:00', '', ''),
('03', '0302', '05', '030205', 'PALMAS BELLAS', '', '0000-00-00', '00:00:00', '', '0000-00-00', '00:00:00', '', ''),
('03', '0302', '06', '030206', 'PIí€˜A', '', '0000-00-00', '00:00:00', '', '0000-00-00', '00:00:00', '', ''),
('03', '0302', '07', '030207', 'SALUD', '', '0000-00-00', '00:00:00', '', '0000-00-00', '00:00:00', '', ''),
('03', '0303', '01', '030301', 'MIGUEL DE LA BORDA (CAB.)', '', '0000-00-00', '00:00:00', '', '0000-00-00', '00:00:00', '', ''),
('03', '0303', '02', '030302', 'COCLí€° DEL NORTE', '', '0000-00-00', '00:00:00', '', '0000-00-00', '00:00:00', '', ''),
('03', '0303', '03', '030303', 'EL GUíSIMO', '', '0000-00-00', '00:00:00', '', '0000-00-00', '00:00:00', '', ''),
('03', '0303', '04', '030304', 'GOBEA', '', '0000-00-00', '00:00:00', '', '0000-00-00', '00:00:00', '', ''),
('03', '0303', '05', '030305', 'RíO INDIO', '', '0000-00-00', '00:00:00', '', '0000-00-00', '00:00:00', '', ''),
('03', '0304', '01', '030401', 'PORTOBELO (CAB.)', '', '0000-00-00', '00:00:00', '', '0000-00-00', '00:00:00', '', ''),
('03', '0304', '02', '030402', 'CACIQUE', '', '0000-00-00', '00:00:00', '', '0000-00-00', '00:00:00', '', ''),
('03', '0304', '03', '030403', 'GARROTE O PUERTO LINDO', '', '0000-00-00', '00:00:00', '', '0000-00-00', '00:00:00', '', ''),
('03', '0304', '04', '030404', 'ISLA GRANDE', '', '0000-00-00', '00:00:00', '', '0000-00-00', '00:00:00', '', ''),
('03', '0304', '05', '030405', 'MARíA CHIQUITA', '', '0000-00-00', '00:00:00', '', '0000-00-00', '00:00:00', '', ''),
('03', '0305', '01', '030501', 'PALENQUE (CAB.)', '', '0000-00-00', '00:00:00', '', '0000-00-00', '00:00:00', '', ''),
('03', '0305', '02', '030502', 'CUANGO', '', '0000-00-00', '00:00:00', '', '0000-00-00', '00:00:00', '', ''),
('03', '0305', '03', '030503', 'MIRAMAR', '', '0000-00-00', '00:00:00', '', '0000-00-00', '00:00:00', '', ''),
('03', '0305', '04', '030504', 'NOMBRE DE DIOS', '', '0000-00-00', '00:00:00', '', '0000-00-00', '00:00:00', '', ''),
('03', '0305', '05', '030505', 'PALMIRA', '', '0000-00-00', '00:00:00', '', '0000-00-00', '00:00:00', '', ''),
('03', '0305', '06', '030506', 'PLAYA CHIQUITA', '', '0000-00-00', '00:00:00', '', '0000-00-00', '00:00:00', '', ''),
('03', '0305', '07', '030507', 'SANTA ISABEL', '', '0000-00-00', '00:00:00', '', '0000-00-00', '00:00:00', '', ''),
('03', '0305', '08', '030508', 'VIENTO FRIO', '', '0000-00-00', '00:00:00', '', '0000-00-00', '00:00:00', '', ''),
('03', '0306', '01', '030601', 'SAN JOSí€° DEL GENERAL', '', '0000-00-00', '00:00:00', '', '0000-00-00', '00:00:00', '', ''),
('03', '0306', '02', '030602', 'SAN JUAN DE TURBE', '', '0000-00-00', '00:00:00', '', '0000-00-00', '00:00:00', '', ''),
('03', '0306', '03', '030603', 'NUEVA ESPERANZA', '', '0000-00-00', '00:00:00', '', '0000-00-00', '00:00:00', '', ''),
('04', '0401', '01', '040101', 'ALANJE (CAB.)', '', '0000-00-00', '00:00:00', '', '0000-00-00', '00:00:00', '', ''),
('04', '0401', '02', '040102', 'DIVALí', '', '0000-00-00', '00:00:00', '', '0000-00-00', '00:00:00', '', ''),
('04', '0401', '03', '040103', 'EL TEJAR', '', '0000-00-00', '00:00:00', '', '0000-00-00', '00:00:00', '', ''),
('04', '0401', '04', '040104', 'GUARUMAL', '', '0000-00-00', '00:00:00', '', '0000-00-00', '00:00:00', '', ''),
('04', '0401', '05', '040105', 'PALO GRANDE', '', '0000-00-00', '00:00:00', '', '0000-00-00', '00:00:00', '', ''),
('04', '0401', '06', '040106', 'QUERí€°VALO', '', '0000-00-00', '00:00:00', '', '0000-00-00', '00:00:00', '', ''),
('04', '0401', '07', '040107', 'SANTO TOMíS', '', '0000-00-00', '00:00:00', '', '0000-00-00', '00:00:00', '', ''),
('04', '0401', '08', '040108', 'CANTA GALLO', '', '0000-00-00', '00:00:00', '', '0000-00-00', '00:00:00', '', ''),
('04', '0401', '09', '040109', 'NUEVO MEXICO', '', '0000-00-00', '00:00:00', '', '0000-00-00', '00:00:00', '', ''),
('04', '0402', '01', '040201', 'PUERTO ARMUELLES (CAB.)', '', '0000-00-00', '00:00:00', '', '0000-00-00', '00:00:00', '', ''),
('04', '0402', '02', '040202', 'LIMONES', '', '0000-00-00', '00:00:00', '', '0000-00-00', '00:00:00', '', ''),
('04', '0402', '03', '040203', 'PROGRESO', '', '0000-00-00', '00:00:00', '', '0000-00-00', '00:00:00', '', ''),
('04', '0402', '04', '040204', 'BACO', '', '0000-00-00', '00:00:00', '', '0000-00-00', '00:00:00', '', ''),
('04', '0402', '05', '040205', 'RODOLFO AGUILAR DELGADO', '', '0000-00-00', '00:00:00', '', '0000-00-00', '00:00:00', '', ''),
('04', '0403', '01', '040301', 'BOQUERí€œN (CAB.)', '', '0000-00-00', '00:00:00', '', '0000-00-00', '00:00:00', '', ''),
('04', '0403', '02', '040302', 'BíGALA', '', '0000-00-00', '00:00:00', '', '0000-00-00', '00:00:00', '', ''),
('04', '0403', '03', '040303', 'CORDILLERA', '', '0000-00-00', '00:00:00', '', '0000-00-00', '00:00:00', '', ''),
('04', '0403', '04', '040304', 'GUABAL', '', '0000-00-00', '00:00:00', '', '0000-00-00', '00:00:00', '', ''),
('04', '0403', '05', '040305', 'GUAYABAL', '', '0000-00-00', '00:00:00', '', '0000-00-00', '00:00:00', '', ''),
('04', '0403', '06', '040306', 'PARAíSO', '', '0000-00-00', '00:00:00', '', '0000-00-00', '00:00:00', '', ''),
('04', '0403', '07', '040307', 'PEDREGAL', '', '0000-00-00', '00:00:00', '', '0000-00-00', '00:00:00', '', ''),
('04', '0403', '08', '040308', 'TIJERAS', '', '0000-00-00', '00:00:00', '', '0000-00-00', '00:00:00', '', ''),
('04', '0404', '01', '040401', 'BAJO BOQUETE (CAB.)', '', '0000-00-00', '00:00:00', '', '0000-00-00', '00:00:00', '', ''),
('04', '0404', '02', '040402', 'CALDERA', '', '0000-00-00', '00:00:00', '', '0000-00-00', '00:00:00', '', ''),
('04', '0404', '03', '040403', 'PALMIRA', '', '0000-00-00', '00:00:00', '', '0000-00-00', '00:00:00', '', ''),
('04', '0404', '04', '040404', 'ALTO BOQUETE', '', '0000-00-00', '00:00:00', '', '0000-00-00', '00:00:00', '', ''),
('04', '0404', '05', '040405', 'JARAMILLO', '', '0000-00-00', '00:00:00', '', '0000-00-00', '00:00:00', '', ''),
('04', '0404', '06', '040406', 'LOS NARANJOS', '', '0000-00-00', '00:00:00', '', '0000-00-00', '00:00:00', '', ''),
('04', '0405', '01', '040501', 'LA CONCEPCIí€œN (CAB.)', '', '0000-00-00', '00:00:00', '', '0000-00-00', '00:00:00', '', ''),
('04', '0405', '02', '040502', 'ASERRíO DE GARICHí€°', '', '0000-00-00', '00:00:00', '', '0000-00-00', '00:00:00', '', ''),
('04', '0405', '03', '040503', 'BUGABA', '', '0000-00-00', '00:00:00', '', '0000-00-00', '00:00:00', '', ''),
('04', '0405', '05', '040505', 'Gí€œMEZ', '', '0000-00-00', '00:00:00', '', '0000-00-00', '00:00:00', '', ''),
('04', '0405', '06', '040506', 'LA ESTRELLA', '', '0000-00-00', '00:00:00', '', '0000-00-00', '00:00:00', '', ''),
('04', '0405', '07', '040507', 'SAN ANDRí€°S', '', '0000-00-00', '00:00:00', '', '0000-00-00', '00:00:00', '', ''),
('04', '0405', '08', '040508', 'SANTA MARTA', '', '0000-00-00', '00:00:00', '', '0000-00-00', '00:00:00', '', ''),
('04', '0405', '09', '040509', 'SANTA ROSA', '', '0000-00-00', '00:00:00', '', '0000-00-00', '00:00:00', '', ''),
('04', '0405', '10', '040510', 'SANTO DOMINGO', '', '0000-00-00', '00:00:00', '', '0000-00-00', '00:00:00', '', ''),
('04', '0405', '11', '040511', 'SORTOVA', '', '0000-00-00', '00:00:00', '', '0000-00-00', '00:00:00', '', ''),
('04', '0405', '13', '040513', 'EL BONGO', '', '0000-00-00', '00:00:00', '', '0000-00-00', '00:00:00', '', ''),
('04', '0405', '14', '040514', 'SOLANO', '', '0000-00-00', '00:00:00', '', '0000-00-00', '00:00:00', '', ''),
('04', '0405', '15', '040515', 'SAN ISIDRO', '', '0000-00-00', '00:00:00', '', '0000-00-00', '00:00:00', '', ''),
('04', '0406', '01', '040601', 'DAVID (CAB.)', '', '0000-00-00', '00:00:00', '', '0000-00-00', '00:00:00', '', ''),
('04', '0406', '02', '040602', 'BIJAGUAL', '', '0000-00-00', '00:00:00', '', '0000-00-00', '00:00:00', '', ''),
('04', '0406', '03', '040603', 'COCHEA', '', '0000-00-00', '00:00:00', '', '0000-00-00', '00:00:00', '', ''),
('04', '0406', '04', '040604', 'CHIRIQUí', '', '0000-00-00', '00:00:00', '', '0000-00-00', '00:00:00', '', ''),
('04', '0406', '05', '040605', 'GUACA', '', '0000-00-00', '00:00:00', '', '0000-00-00', '00:00:00', '', ''),
('04', '0406', '06', '040606', 'LAS LOMAS', '', '0000-00-00', '00:00:00', '', '0000-00-00', '00:00:00', '', ''),
('04', '0406', '07', '040607', 'PEDREGAL', '', '0000-00-00', '00:00:00', '', '0000-00-00', '00:00:00', '', ''),
('04', '0406', '08', '040608', 'SAN CARLOS', '', '0000-00-00', '00:00:00', '', '0000-00-00', '00:00:00', '', ''),
('04', '0406', '09', '040609', 'SAN PABLO NUEVO', '', '0000-00-00', '00:00:00', '', '0000-00-00', '00:00:00', '', ''),
('04', '0406', '10', '040610', 'SAN PABLO VIEJO', '', '0000-00-00', '00:00:00', '', '0000-00-00', '00:00:00', '', ''),
('04', '0406', '11', '040611', 'DAVID ESTE', '', '0000-00-00', '00:00:00', '', '0000-00-00', '00:00:00', '', ''),
('04', '0406', '12', '040612', 'DAVID SUR', '', '0000-00-00', '00:00:00', '', '0000-00-00', '00:00:00', '', ''),
('04', '0407', '01', '040701', 'DOLEGA (CAB.)', '', '0000-00-00', '00:00:00', '', '0000-00-00', '00:00:00', '', ''),
('04', '0407', '02', '040702', 'DOS RíOS', '', '0000-00-00', '00:00:00', '', '0000-00-00', '00:00:00', '', ''),
('04', '0407', '03', '040703', 'LOS ANASTACIOS', '', '0000-00-00', '00:00:00', '', '0000-00-00', '00:00:00', '', ''),
('04', '0407', '04', '040704', 'POTRERILLOS', '', '0000-00-00', '00:00:00', '', '0000-00-00', '00:00:00', '', ''),
('04', '0407', '05', '040705', 'POTRERILLOS ABAJO', '', '0000-00-00', '00:00:00', '', '0000-00-00', '00:00:00', '', ''),
('04', '0407', '06', '040706', 'ROVIRA', '', '0000-00-00', '00:00:00', '', '0000-00-00', '00:00:00', '', ''),
('04', '0407', '07', '040707', 'TINAJAS', '', '0000-00-00', '00:00:00', '', '0000-00-00', '00:00:00', '', ''),
('04', '0407', '08', '040708', 'LOS ALGARROBOS', '', '0000-00-00', '00:00:00', '', '0000-00-00', '00:00:00', '', ''),
('04', '0408', '01', '040801', 'GUALACA (CAB.)', '', '0000-00-00', '00:00:00', '', '0000-00-00', '00:00:00', '', ''),
('04', '0408', '02', '040802', 'HORNITO', '', '0000-00-00', '00:00:00', '', '0000-00-00', '00:00:00', '', ''),
('04', '0408', '03', '040803', 'LOS ANGELES', '', '0000-00-00', '00:00:00', '', '0000-00-00', '00:00:00', '', ''),
('04', '0408', '04', '040804', 'PAJA DE SOMBRERO', '', '0000-00-00', '00:00:00', '', '0000-00-00', '00:00:00', '', ''),
('04', '0408', '05', '040805', 'RINCí€œN', '', '0000-00-00', '00:00:00', '', '0000-00-00', '00:00:00', '', ''),
('04', '0409', '01', '040901', 'REMEDIOS (CAB.)', '', '0000-00-00', '00:00:00', '', '0000-00-00', '00:00:00', '', ''),
('04', '0409', '02', '040902', 'EL NANCITO', '', '0000-00-00', '00:00:00', '', '0000-00-00', '00:00:00', '', ''),
('04', '0409', '03', '040903', 'EL PORVENIR', '', '0000-00-00', '00:00:00', '', '0000-00-00', '00:00:00', '', ''),
('04', '0409', '04', '040904', 'EL PUERTO', '', '0000-00-00', '00:00:00', '', '0000-00-00', '00:00:00', '', ''),
('04', '0409', '05', '040905', 'SANTA LUCíA', '', '0000-00-00', '00:00:00', '', '0000-00-00', '00:00:00', '', ''),
('04', '0410', '01', '041001', 'RíO SERENO', '', '0000-00-00', '00:00:00', '', '0000-00-00', '00:00:00', '', ''),
('04', '0410', '02', '041002', 'BREí€˜í€œN', '', '0000-00-00', '00:00:00', '', '0000-00-00', '00:00:00', '', ''),
('04', '0410', '03', '041003', 'CAí€˜AS GORDAS', '', '0000-00-00', '00:00:00', '', '0000-00-00', '00:00:00', '', ''),
('04', '0410', '04', '041004', 'MONTE LIRIO', '', '0000-00-00', '00:00:00', '', '0000-00-00', '00:00:00', '', ''),
('04', '0410', '05', '041005', 'PLAZA DE CAIZíN', '', '0000-00-00', '00:00:00', '', '0000-00-00', '00:00:00', '', ''),
('04', '0410', '06', '041006', 'SANTA CRUZ', '', '0000-00-00', '00:00:00', '', '0000-00-00', '00:00:00', '', ''),
('04', '0410', '07', '041007', 'DOMINICAL', '', '0000-00-00', '00:00:00', '', '0000-00-00', '00:00:00', '', ''),
('04', '0410', '08', '041008', 'SANTA CLARA', '', '0000-00-00', '00:00:00', '', '0000-00-00', '00:00:00', '', ''),
('04', '0411', '01', '041101', 'LAS LAJAS (CAB.)', '', '0000-00-00', '00:00:00', '', '0000-00-00', '00:00:00', '', ''),
('04', '0411', '02', '041102', 'JUAY', '', '0000-00-00', '00:00:00', '', '0000-00-00', '00:00:00', '', ''),
('04', '0411', '03', '041103', 'LAJAS ADENTRO', '', '0000-00-00', '00:00:00', '', '0000-00-00', '00:00:00', '', ''),
('04', '0411', '04', '041104', 'SAN Fí€°LIX', '', '0000-00-00', '00:00:00', '', '0000-00-00', '00:00:00', '', ''),
('04', '0411', '05', '041105', 'SANTA CRUZ', '', '0000-00-00', '00:00:00', '', '0000-00-00', '00:00:00', '', ''),
('04', '0412', '01', '041201', 'HORCONCITOS (CAB.)', '', '0000-00-00', '00:00:00', '', '0000-00-00', '00:00:00', '', ''),
('04', '0412', '02', '041202', 'BOCA CHICA', '', '0000-00-00', '00:00:00', '', '0000-00-00', '00:00:00', '', ''),
('04', '0412', '03', '041203', 'BOCA DEL MONTE', '', '0000-00-00', '00:00:00', '', '0000-00-00', '00:00:00', '', ''),
('04', '0412', '04', '041204', 'SAN JUAN', '', '0000-00-00', '00:00:00', '', '0000-00-00', '00:00:00', '', ''),
('04', '0412', '05', '041205', 'SAN LORENZO', '', '0000-00-00', '00:00:00', '', '0000-00-00', '00:00:00', '', ''),
('04', '0413', '01', '041301', 'TOLí€° (CAB.)', '', '0000-00-00', '00:00:00', '', '0000-00-00', '00:00:00', '', ''),
('04', '0413', '02', '041302', 'BELLA VISTA', '', '0000-00-00', '00:00:00', '', '0000-00-00', '00:00:00', '', ''),
('04', '0413', '03', '041303', 'CERRO VIEJO', '', '0000-00-00', '00:00:00', '', '0000-00-00', '00:00:00', '', ''),
('04', '0413', '04', '041304', 'EL CRISTO', '', '0000-00-00', '00:00:00', '', '0000-00-00', '00:00:00', '', ''),
('04', '0413', '05', '041305', 'JUSTO FIDEL PALACIOS', '', '0000-00-00', '00:00:00', '', '0000-00-00', '00:00:00', '', ''),
('04', '0413', '06', '041306', 'LAJAS DE TOLí€°', '', '0000-00-00', '00:00:00', '', '0000-00-00', '00:00:00', '', ''),
('04', '0413', '07', '041307', 'POTRERO DE CAí€˜A', '', '0000-00-00', '00:00:00', '', '0000-00-00', '00:00:00', '', ''),
('04', '0413', '08', '041308', 'QUEBRADA DE PIEDRA', '', '0000-00-00', '00:00:00', '', '0000-00-00', '00:00:00', '', ''),
('04', '0413', '09', '041309', 'VELADERO', '', '0000-00-00', '00:00:00', '', '0000-00-00', '00:00:00', '', ''),
('04', '0414', '01', '041401', 'VOLCíN', '', '0000-00-00', '00:00:00', '', '0000-00-00', '00:00:00', '', ''),
('04', '0414', '02', '041402', 'CERRO PUNTA', '', '0000-00-00', '00:00:00', '', '0000-00-00', '00:00:00', '', ''),
('04', '0414', '03', '041403', 'CUESTA DE PIEDRA', '', '0000-00-00', '00:00:00', '', '0000-00-00', '00:00:00', '', ''),
('04', '0414', '04', '041404', 'NUEVA CALIFORNIA', '', '0000-00-00', '00:00:00', '', '0000-00-00', '00:00:00', '', ''),
('04', '0414', '05', '041405', 'PASO ANCHO', '', '0000-00-00', '00:00:00', '', '0000-00-00', '00:00:00', '', ''),
('05', '0501', '01', '050101', 'LA PALMA (CAB.)', '', '0000-00-00', '00:00:00', '', '0000-00-00', '00:00:00', '', ''),
('05', '0501', '02', '050102', 'CAMOGANTI', '', '0000-00-00', '00:00:00', '', '0000-00-00', '00:00:00', '', ''),
('05', '0501', '03', '050103', 'CHEPIGANA', '', '0000-00-00', '00:00:00', '', '0000-00-00', '00:00:00', '', ''),
('05', '0501', '04', '050104', 'GARACHINE', '', '0000-00-00', '00:00:00', '', '0000-00-00', '00:00:00', '', ''),
('05', '0501', '05', '050105', 'JAQUí€°', '', '0000-00-00', '00:00:00', '', '0000-00-00', '00:00:00', '', ''),
('05', '0501', '06', '050106', 'PUERTO PIí€˜A', '', '0000-00-00', '00:00:00', '', '0000-00-00', '00:00:00', '', ''),
('05', '0501', '09', '050109', 'SAMBíƒÅ¡', '', '0000-00-00', '00:00:00', '', '0000-00-00', '00:00:00', '', ''),
('05', '0501', '10', '050110', 'SETEGANTí', '', '0000-00-00', '00:00:00', '', '0000-00-00', '00:00:00', '', ''),
('05', '0501', '11', '050111', 'TAIMATí', '', '0000-00-00', '00:00:00', '', '0000-00-00', '00:00:00', '', ''),
('05', '0501', '12', '050112', 'TUCUTí', '', '0000-00-00', '00:00:00', '', '0000-00-00', '00:00:00', '', ''),
('05', '0502', '01', '050201', 'EL REAL DE SANTA MARíA (CAB.)', '', '0000-00-00', '00:00:00', '', '0000-00-00', '00:00:00', '', ''),
('05', '0502', '02', '050202', 'BOCA DE CUPE', '', '0000-00-00', '00:00:00', '', '0000-00-00', '00:00:00', '', ''),
('05', '0502', '03', '050203', 'PAYA', '', '0000-00-00', '00:00:00', '', '0000-00-00', '00:00:00', '', ''),
('05', '0502', '04', '050204', 'PINOGANA', '', '0000-00-00', '00:00:00', '', '0000-00-00', '00:00:00', '', ''),
('05', '0502', '05', '050205', 'PUCURO', '', '0000-00-00', '00:00:00', '', '0000-00-00', '00:00:00', '', ''),
('05', '0502', '06', '050206', 'YAPí€°', '', '0000-00-00', '00:00:00', '', '0000-00-00', '00:00:00', '', ''),
('05', '0502', '07', '050207', 'YAVIZA', '', '0000-00-00', '00:00:00', '', '0000-00-00', '00:00:00', '', ''),
('05', '0502', '08', '050208', 'METETí', '', '0000-00-00', '00:00:00', '', '0000-00-00', '00:00:00', '', ''),
('05', '0502', '09', '050209', 'COMARCA KUNA DE WARGANDí', '', '0000-00-00', '00:00:00', '', '0000-00-00', '00:00:00', '', ''),
('05', '0503', '01', '050301', 'AGUA FRíA', '', '0000-00-00', '00:00:00', '', '0000-00-00', '00:00:00', '', ''),
('05', '0503', '02', '050302', 'CUCUNATí', '', '0000-00-00', '00:00:00', '', '0000-00-00', '00:00:00', '', ''),
('05', '0503', '03', '050303', 'RíO CONGO', '', '0000-00-00', '00:00:00', '', '0000-00-00', '00:00:00', '', ''),
('05', '0503', '04', '050304', 'RíO CONGO ARRIBA', '', '0000-00-00', '00:00:00', '', '0000-00-00', '00:00:00', '', ''),
('05', '0503', '05', '050305', 'RíO IGLESIAS', '', '0000-00-00', '00:00:00', '', '0000-00-00', '00:00:00', '', ''),
('05', '0503', '06', '050306', 'SANTA Fí€°', '', '0000-00-00', '00:00:00', '', '0000-00-00', '00:00:00', '', ''),
('05', '0503', '07', '050307', 'ZAPALLAL', '', '0000-00-00', '00:00:00', '', '0000-00-00', '00:00:00', '', ''),
('06', '0601', '01', '060101', 'CHITRí€° (CAB.)', '', '0000-00-00', '00:00:00', '', '0000-00-00', '00:00:00', '', ''),
('06', '0601', '02', '060102', 'LA ARENA', '', '0000-00-00', '00:00:00', '', '0000-00-00', '00:00:00', '', ''),
('06', '0601', '03', '060103', 'SAN MIGUEL DE MONAGRILLO', '', '0000-00-00', '00:00:00', '', '0000-00-00', '00:00:00', '', ''),
('06', '0601', '04', '060104', 'LLANO BONITO', '', '0000-00-00', '00:00:00', '', '0000-00-00', '00:00:00', '', ''),
('06', '0601', '05', '060105', 'SAN JUAN BAUTISTA', '', '0000-00-00', '00:00:00', '', '0000-00-00', '00:00:00', '', ''),
('06', '0602', '01', '060201', 'LAS MINAS (CAB.)', '', '0000-00-00', '00:00:00', '', '0000-00-00', '00:00:00', '', ''),
('06', '0602', '02', '060202', 'CHEPO', '', '0000-00-00', '00:00:00', '', '0000-00-00', '00:00:00', '', ''),
('06', '0602', '03', '060203', 'CHUMICAL', '', '0000-00-00', '00:00:00', '', '0000-00-00', '00:00:00', '', ''),
('06', '0602', '04', '060204', 'EL TORO', '', '0000-00-00', '00:00:00', '', '0000-00-00', '00:00:00', '', ''),
('06', '0602', '05', '060205', 'LEONES', '', '0000-00-00', '00:00:00', '', '0000-00-00', '00:00:00', '', ''),
('06', '0602', '06', '060206', 'QUEBRADA DEL ROSARIO', '', '0000-00-00', '00:00:00', '', '0000-00-00', '00:00:00', '', ''),
('06', '0602', '07', '060207', 'QUEBRADA EL CIPRIíN', '', '0000-00-00', '00:00:00', '', '0000-00-00', '00:00:00', '', ''),
('06', '0603', '01', '060301', 'LOS POZOS (CAB.)', '', '0000-00-00', '00:00:00', '', '0000-00-00', '00:00:00', '', ''),
('06', '0603', '02', '060302', 'EL CAPURí', '', '0000-00-00', '00:00:00', '', '0000-00-00', '00:00:00', '', ''),
('06', '0603', '03', '060303', 'EL CALABACITO', '', '0000-00-00', '00:00:00', '', '0000-00-00', '00:00:00', '', ''),
('06', '0603', '04', '060304', 'EL CEDRO', '', '0000-00-00', '00:00:00', '', '0000-00-00', '00:00:00', '', ''),
('06', '0603', '05', '060305', 'LA ARENA', '', '0000-00-00', '00:00:00', '', '0000-00-00', '00:00:00', '', ''),
('06', '0603', '06', '060306', 'LA PITALOZA', '', '0000-00-00', '00:00:00', '', '0000-00-00', '00:00:00', '', ''),
('06', '0603', '07', '060307', 'LOS CERRITOS', '', '0000-00-00', '00:00:00', '', '0000-00-00', '00:00:00', '', ''),
('06', '0603', '08', '060308', 'LOS CERROS DE PAJA', '', '0000-00-00', '00:00:00', '', '0000-00-00', '00:00:00', '', ''),
('06', '0603', '09', '060309', 'LAS LLANAS', '', '0000-00-00', '00:00:00', '', '0000-00-00', '00:00:00', '', ''),
('06', '0604', '01', '060401', 'OCíƒÅ¡ (CAB.)', '', '0000-00-00', '00:00:00', '', '0000-00-00', '00:00:00', '', ''),
('06', '0604', '02', '060402', 'CERRO LARGO', '', '0000-00-00', '00:00:00', '', '0000-00-00', '00:00:00', '', ''),
('06', '0604', '03', '060403', 'LOS LLANOS', '', '0000-00-00', '00:00:00', '', '0000-00-00', '00:00:00', '', ''),
('06', '0604', '04', '060404', 'LLANO GRANDE', '', '0000-00-00', '00:00:00', '', '0000-00-00', '00:00:00', '', ''),
('06', '0604', '05', '060405', 'PEí€˜AS CHATAS', '', '0000-00-00', '00:00:00', '', '0000-00-00', '00:00:00', '', ''),
('06', '0604', '06', '060406', 'EL TIJERAS', '', '0000-00-00', '00:00:00', '', '0000-00-00', '00:00:00', '', ''),
('06', '0604', '07', '060407', 'MENCHACA', '', '0000-00-00', '00:00:00', '', '0000-00-00', '00:00:00', '', ''),
('06', '0604', '08', '060408', 'ENTRADERO DEL CASTILLO', '', '0000-00-00', '00:00:00', '', '0000-00-00', '00:00:00', '', ''),
('06', '0605', '01', '060501', 'PARITA (CAB.)', '', '0000-00-00', '00:00:00', '', '0000-00-00', '00:00:00', '', ''),
('06', '0605', '02', '060502', 'CABUYA', '', '0000-00-00', '00:00:00', '', '0000-00-00', '00:00:00', '', ''),
('06', '0605', '03', '060503', 'LOS CASTILLOS', '', '0000-00-00', '00:00:00', '', '0000-00-00', '00:00:00', '', ''),
('06', '0605', '04', '060504', 'LLANO DE LA CRUZ', '', '0000-00-00', '00:00:00', '', '0000-00-00', '00:00:00', '', ''),
('06', '0605', '05', '060505', 'PARíS', '', '0000-00-00', '00:00:00', '', '0000-00-00', '00:00:00', '', ''),
('06', '0605', '06', '060506', 'PORTOBELILLO', '', '0000-00-00', '00:00:00', '', '0000-00-00', '00:00:00', '', ''),
('06', '0605', '07', '060507', 'POTUGA', '', '0000-00-00', '00:00:00', '', '0000-00-00', '00:00:00', '', ''),
('06', '0606', '01', '060601', 'PESí€° (CAB.)', '', '0000-00-00', '00:00:00', '', '0000-00-00', '00:00:00', '', ''),
('06', '0606', '02', '060602', 'LAS CABRAS (ESTE)', '', '0000-00-00', '00:00:00', '', '0000-00-00', '00:00:00', '', ''),
('06', '0606', '03', '060603', 'EL PíJARO (NORTE NO.1)', '', '0000-00-00', '00:00:00', '', '0000-00-00', '00:00:00', '', ''),
('06', '0606', '04', '060604', 'EL BARRERO (NORTE NO.2)', '', '0000-00-00', '00:00:00', '', '0000-00-00', '00:00:00', '', ''),
('06', '0606', '05', '060605', 'EL PEDREGOSO (OESTE NO.1)', '', '0000-00-00', '00:00:00', '', '0000-00-00', '00:00:00', '', ''),
('06', '0606', '06', '060606', 'EL CIRUELO (OESTE NO.2)', '', '0000-00-00', '00:00:00', '', '0000-00-00', '00:00:00', '', ''),
('06', '0606', '07', '060607', 'SABANAGRANDE (SUR NO.1)', '', '0000-00-00', '00:00:00', '', '0000-00-00', '00:00:00', '', ''),
('06', '0606', '08', '060608', 'RINCí€œN HONDO (SUR NO.2)', '', '0000-00-00', '00:00:00', '', '0000-00-00', '00:00:00', '', ''),
('06', '0607', '01', '060701', 'SANTA MARíA (CAB.)', '', '0000-00-00', '00:00:00', '', '0000-00-00', '00:00:00', '', ''),
('06', '0607', '02', '060702', 'CHUPAMPA', '', '0000-00-00', '00:00:00', '', '0000-00-00', '00:00:00', '', ''),
('06', '0607', '03', '060703', 'EL RINCí€œN', '', '0000-00-00', '00:00:00', '', '0000-00-00', '00:00:00', '', ''),
('06', '0607', '04', '060704', 'EL LíMí€œN', '', '0000-00-00', '00:00:00', '', '0000-00-00', '00:00:00', '', ''),
('06', '0607', '05', '060705', 'LOS CANELOS', '', '0000-00-00', '00:00:00', '', '0000-00-00', '00:00:00', '', ''),
('07', '0701', '01', '070101', 'GUARARí€° (CAB.)', '', '0000-00-00', '00:00:00', '', '0000-00-00', '00:00:00', '', ''),
('07', '0701', '02', '070102', 'EL ESPINAL', '', '0000-00-00', '00:00:00', '', '0000-00-00', '00:00:00', '', ''),
('07', '0701', '03', '070103', 'EL MACANO', '', '0000-00-00', '00:00:00', '', '0000-00-00', '00:00:00', '', ''),
('07', '0701', '04', '070104', 'GUARARí€° ARRIBA', '', '0000-00-00', '00:00:00', '', '0000-00-00', '00:00:00', '', ''),
('07', '0701', '05', '070105', 'LA ENEA', '', '0000-00-00', '00:00:00', '', '0000-00-00', '00:00:00', '', ''),
('07', '0701', '06', '070106', 'LA PASERA', '', '0000-00-00', '00:00:00', '', '0000-00-00', '00:00:00', '', ''),
('07', '0701', '07', '070107', 'LAS TRANCAS', '', '0000-00-00', '00:00:00', '', '0000-00-00', '00:00:00', '', ''),
('07', '0701', '08', '070108', 'LLANO ABAJO', '', '0000-00-00', '00:00:00', '', '0000-00-00', '00:00:00', '', ''),
('07', '0701', '09', '070109', 'EL HATO', '', '0000-00-00', '00:00:00', '', '0000-00-00', '00:00:00', '', ''),
('07', '0701', '10', '070110', 'PERALES', '', '0000-00-00', '00:00:00', '', '0000-00-00', '00:00:00', '', ''),
('07', '0702', '01', '070201', 'LAS TABLAS (CAB.)', '', '0000-00-00', '00:00:00', '', '0000-00-00', '00:00:00', '', ''),
('07', '0702', '02', '070202', 'BAJO CORRAL', '', '0000-00-00', '00:00:00', '', '0000-00-00', '00:00:00', '', ''),
('07', '0702', '03', '070203', 'BAYANO', '', '0000-00-00', '00:00:00', '', '0000-00-00', '00:00:00', '', ''),
('07', '0702', '04', '070204', 'EL CARATE', '', '0000-00-00', '00:00:00', '', '0000-00-00', '00:00:00', '', ''),
('07', '0702', '05', '070205', 'EL COCAL', '', '0000-00-00', '00:00:00', '', '0000-00-00', '00:00:00', '', ''),
('07', '0702', '06', '070206', 'EL MANANTIAL', '', '0000-00-00', '00:00:00', '', '0000-00-00', '00:00:00', '', ''),
('07', '0702', '07', '070207', 'EL MUí€˜OZ', '', '0000-00-00', '00:00:00', '', '0000-00-00', '00:00:00', '', ''),
('07', '0702', '08', '070208', 'EL PEDREGOSO', '', '0000-00-00', '00:00:00', '', '0000-00-00', '00:00:00', '', ''),
('07', '0702', '09', '070209', 'LA LAJA', '', '0000-00-00', '00:00:00', '', '0000-00-00', '00:00:00', '', ''),
('07', '0702', '10', '070210', 'LA MIEL', '', '0000-00-00', '00:00:00', '', '0000-00-00', '00:00:00', '', ''),
('07', '0702', '11', '070211', 'LA PALMA', '', '0000-00-00', '00:00:00', '', '0000-00-00', '00:00:00', '', ''),
('07', '0702', '12', '070212', 'LA TIZA', '', '0000-00-00', '00:00:00', '', '0000-00-00', '00:00:00', '', ''),
('07', '0702', '13', '070213', 'LAS PALMITAS', '', '0000-00-00', '00:00:00', '', '0000-00-00', '00:00:00', '', ''),
('07', '0702', '14', '070214', 'LAS TABLAS ABAJO', '', '0000-00-00', '00:00:00', '', '0000-00-00', '00:00:00', '', ''),
('07', '0702', '15', '070215', 'NUARIO', '', '0000-00-00', '00:00:00', '', '0000-00-00', '00:00:00', '', ''),
('07', '0702', '16', '070216', 'PALMIRA', '', '0000-00-00', '00:00:00', '', '0000-00-00', '00:00:00', '', ''),
('07', '0702', '17', '070217', 'PEí€˜A BLANCA', '', '0000-00-00', '00:00:00', '', '0000-00-00', '00:00:00', '', ''),
('07', '0702', '18', '070218', 'RíO HONDO', '', '0000-00-00', '00:00:00', '', '0000-00-00', '00:00:00', '', ''),
('07', '0702', '19', '070219', 'SAN JOSí€°', '', '0000-00-00', '00:00:00', '', '0000-00-00', '00:00:00', '', ''),
('07', '0702', '20', '070220', 'SAN MIGUEL', '', '0000-00-00', '00:00:00', '', '0000-00-00', '00:00:00', '', ''),
('07', '0702', '21', '070221', 'SANTO DOMINGO', '', '0000-00-00', '00:00:00', '', '0000-00-00', '00:00:00', '', ''),
('07', '0702', '22', '070222', 'SESTEADERO', '', '0000-00-00', '00:00:00', '', '0000-00-00', '00:00:00', '', ''),
('07', '0702', '23', '070223', 'VALLE RICO', '', '0000-00-00', '00:00:00', '', '0000-00-00', '00:00:00', '', ''),
('07', '0702', '24', '070224', 'VALLERRIQUITO', '', '0000-00-00', '00:00:00', '', '0000-00-00', '00:00:00', '', ''),
('07', '0703', '01', '070301', 'LA VILLA DE LOS SANTOS (CAB.)', '', '0000-00-00', '00:00:00', '', '0000-00-00', '00:00:00', '', ''),
('07', '0703', '02', '070302', 'EL GUíSIMO', '', '0000-00-00', '00:00:00', '', '0000-00-00', '00:00:00', '', ''),
('07', '0703', '03', '070303', 'LA COLORADA', '', '0000-00-00', '00:00:00', '', '0000-00-00', '00:00:00', '', ''),
('07', '0703', '04', '070304', 'LA ESPIGADILLA', '', '0000-00-00', '00:00:00', '', '0000-00-00', '00:00:00', '', ''),
('07', '0703', '05', '070305', 'LAS CRUCES', '', '0000-00-00', '00:00:00', '', '0000-00-00', '00:00:00', '', ''),
('07', '0703', '06', '070306', 'LAS GUABAS', '', '0000-00-00', '00:00:00', '', '0000-00-00', '00:00:00', '', ''),
('07', '0703', '07', '070307', 'LOS ANGELES', '', '0000-00-00', '00:00:00', '', '0000-00-00', '00:00:00', '', ''),
('07', '0703', '08', '070308', 'LOS OLIVOS', '', '0000-00-00', '00:00:00', '', '0000-00-00', '00:00:00', '', ''),
('07', '0703', '09', '070309', 'LLANO LARGO', '', '0000-00-00', '00:00:00', '', '0000-00-00', '00:00:00', '', ''),
('07', '0703', '10', '070310', 'SABANAGRANDE', '', '0000-00-00', '00:00:00', '', '0000-00-00', '00:00:00', '', ''),
('07', '0703', '11', '070311', 'SANTA ANA', '', '0000-00-00', '00:00:00', '', '0000-00-00', '00:00:00', '', ''),
('07', '0703', '12', '070312', 'TRES QUEBRADAS', '', '0000-00-00', '00:00:00', '', '0000-00-00', '00:00:00', '', ''),
('07', '0703', '13', '070313', 'AGUA BUENA', '', '0000-00-00', '00:00:00', '', '0000-00-00', '00:00:00', '', ''),
('07', '0703', '14', '070314', 'VILLA LOURDES', '', '0000-00-00', '00:00:00', '', '0000-00-00', '00:00:00', '', ''),
('07', '0703', '15', '070315', 'EL EJIDO', '', '0000-00-00', '00:00:00', '', '0000-00-00', '00:00:00', '', ''),
('07', '0704', '01', '070401', 'MACARACAS (CAB.)', '', '0000-00-00', '00:00:00', '', '0000-00-00', '00:00:00', '', ''),
('07', '0704', '02', '070402', 'BAHíA HONDA', '', '0000-00-00', '00:00:00', '', '0000-00-00', '00:00:00', '', ''),
('07', '0704', '03', '070403', 'BAJOS DE GíƒÅ“ERA', '', '0000-00-00', '00:00:00', '', '0000-00-00', '00:00:00', '', ''),
('07', '0704', '04', '070404', 'COROZAL', '', '0000-00-00', '00:00:00', '', '0000-00-00', '00:00:00', '', ''),
('07', '0704', '05', '070405', 'CHUPí', '', '0000-00-00', '00:00:00', '', '0000-00-00', '00:00:00', '', ''),
('07', '0704', '06', '070406', 'EL CEDRO', '', '0000-00-00', '00:00:00', '', '0000-00-00', '00:00:00', '', ''),
('07', '0704', '07', '070407', 'ESPINO AMARILLO', '', '0000-00-00', '00:00:00', '', '0000-00-00', '00:00:00', '', ''),
('07', '0704', '08', '070408', 'LA MESA', '', '0000-00-00', '00:00:00', '', '0000-00-00', '00:00:00', '', ''),
('07', '0704', '09', '070409', 'LAS PALMAS', '', '0000-00-00', '00:00:00', '', '0000-00-00', '00:00:00', '', ''),
('07', '0704', '10', '070410', 'LLANO DE PIEDRA', '', '0000-00-00', '00:00:00', '', '0000-00-00', '00:00:00', '', ''),
('07', '0704', '11', '070411', 'MOGOLLí€œN', '', '0000-00-00', '00:00:00', '', '0000-00-00', '00:00:00', '', ''),
('07', '0705', '01', '070501', 'PEDASí (CAB.)', '', '0000-00-00', '00:00:00', '', '0000-00-00', '00:00:00', '', ''),
('07', '0705', '02', '070502', 'LOS ASIENTOS', '', '0000-00-00', '00:00:00', '', '0000-00-00', '00:00:00', '', ''),
('07', '0705', '03', '070503', 'MARIABí€°', '', '0000-00-00', '00:00:00', '', '0000-00-00', '00:00:00', '', ''),
('07', '0705', '04', '070504', 'PURIO', '', '0000-00-00', '00:00:00', '', '0000-00-00', '00:00:00', '', ''),
('07', '0705', '05', '070505', 'ORIA ARRIBA', '', '0000-00-00', '00:00:00', '', '0000-00-00', '00:00:00', '', ''),
('07', '0706', '01', '070601', 'POCRí (CAB.)', '', '0000-00-00', '00:00:00', '', '0000-00-00', '00:00:00', '', ''),
('07', '0706', '02', '070602', 'EL CAí€˜AFíSTULO', '', '0000-00-00', '00:00:00', '', '0000-00-00', '00:00:00', '', ''),
('07', '0706', '03', '070603', 'LAJAMINA', '', '0000-00-00', '00:00:00', '', '0000-00-00', '00:00:00', '', ''),
('07', '0706', '04', '070604', 'PARAíSO', '', '0000-00-00', '00:00:00', '', '0000-00-00', '00:00:00', '', ''),
('07', '0706', '05', '070605', 'PARITILLA', '', '0000-00-00', '00:00:00', '', '0000-00-00', '00:00:00', '', ''),
('07', '0707', '01', '070701', 'TONOSí (CAB.)', '', '0000-00-00', '00:00:00', '', '0000-00-00', '00:00:00', '', ''),
('07', '0707', '02', '070702', 'ALTOS DE GíƒÅ“ERA', '', '0000-00-00', '00:00:00', '', '0000-00-00', '00:00:00', '', ''),
('07', '0707', '03', '070703', 'CAí€˜AS', '', '0000-00-00', '00:00:00', '', '0000-00-00', '00:00:00', '', ''),
('07', '0707', '04', '070704', 'EL BEBEDERO', '', '0000-00-00', '00:00:00', '', '0000-00-00', '00:00:00', '', ''),
('07', '0707', '05', '070705', 'EL CACAO', '', '0000-00-00', '00:00:00', '', '0000-00-00', '00:00:00', '', ''),
('07', '0707', '06', '070706', 'EL CORTEZO', '', '0000-00-00', '00:00:00', '', '0000-00-00', '00:00:00', '', ''),
('07', '0707', '07', '070707', 'FLORES', '', '0000-00-00', '00:00:00', '', '0000-00-00', '00:00:00', '', ''),
('07', '0707', '08', '070708', 'GUíNICO', '', '0000-00-00', '00:00:00', '', '0000-00-00', '00:00:00', '', ''),
('07', '0707', '09', '070709', 'LA TRONOSA', '', '0000-00-00', '00:00:00', '', '0000-00-00', '00:00:00', '', ''),
('07', '0707', '10', '070710', 'CAMBUTAL E ISLAS DE CAí€˜AS', '', '0000-00-00', '00:00:00', '', '0000-00-00', '00:00:00', '', ''),
('08', '0801', '01', '080101', '24 DE DICIEMBRE', '', '0000-00-00', '00:00:00', '', '0000-00-00', '00:00:00', '', ''),
('08', '0801', '02', '080102', 'ALCALDE DíAZ', '', '0000-00-00', '00:00:00', '', '0000-00-00', '00:00:00', '', ''),
('08', '0801', '03', '080103', 'ANCí€œN', '', '0000-00-00', '00:00:00', '', '0000-00-00', '00:00:00', '', ''),
('08', '0801', '04', '080104', 'BETANIA', '', '0000-00-00', '00:00:00', '', '0000-00-00', '00:00:00', '', ''),
('08', '0801', '05', '080105', 'BELLA VISTA', '', '0000-00-00', '00:00:00', '', '0000-00-00', '00:00:00', '', ''),
('08', '0801', '06', '080106', 'CALIDONIA', '', '0000-00-00', '00:00:00', '', '0000-00-00', '00:00:00', '', ''),
('08', '0801', '07', '080107', 'CAIMITILLO', '', '0000-00-00', '00:00:00', '', '0000-00-00', '00:00:00', '', ''),
('08', '0801', '08', '080108', 'CHILIBRE', '', '0000-00-00', '00:00:00', '', '0000-00-00', '00:00:00', '', ''),
('08', '0801', '09', '080109', 'DON BOSCO', '', '0000-00-00', '00:00:00', '', '0000-00-00', '00:00:00', '', ''),
('08', '0801', '10', '080110', 'EL CHORRILLO', '', '0000-00-00', '00:00:00', '', '0000-00-00', '00:00:00', '', ''),
('08', '0801', '11', '080111', 'CURUNDíƒÅ¡', '', '0000-00-00', '00:00:00', '', '0000-00-00', '00:00:00', '', ''),
('08', '0801', '12', '080112', 'ERNESTO Cí€œRDOBA CAMPOS', '', '0000-00-00', '00:00:00', '', '0000-00-00', '00:00:00', '', ''),
('08', '0801', '13', '080113', 'JUAN DíAZ', '', '0000-00-00', '00:00:00', '', '0000-00-00', '00:00:00', '', ''),
('08', '0801', '14', '080114', 'LAS CUMBRES', '', '0000-00-00', '00:00:00', '', '0000-00-00', '00:00:00', '', ''),
('08', '0801', '15', '080115', 'LAS GARZAS', '', '0000-00-00', '00:00:00', '', '0000-00-00', '00:00:00', '', ''),
('08', '0801', '16', '080116', 'LAS MAí€˜ANITAS', '', '0000-00-00', '00:00:00', '', '0000-00-00', '00:00:00', '', ''),
('08', '0801', '17', '080117', 'PACORA', '', '0000-00-00', '00:00:00', '', '0000-00-00', '00:00:00', '', ''),
('08', '0801', '18', '080118', 'PARQUE LEFEVRE', '', '0000-00-00', '00:00:00', '', '0000-00-00', '00:00:00', '', ''),
('08', '0801', '19', '080119', 'PEDREGAL', '', '0000-00-00', '00:00:00', '', '0000-00-00', '00:00:00', '', ''),
('08', '0801', '20', '080120', 'PUEBLO NUEVO', '', '0000-00-00', '00:00:00', '', '0000-00-00', '00:00:00', '', ''),
('08', '0801', '21', '080121', 'RíO ABAJO', '', '0000-00-00', '00:00:00', '', '0000-00-00', '00:00:00', '', ''),
('08', '0801', '22', '080122', 'SAN FELIPE', '', '0000-00-00', '00:00:00', '', '0000-00-00', '00:00:00', '', ''),
('08', '0801', '23', '080123', 'SAN FRANCISCO', '', '0000-00-00', '00:00:00', '', '0000-00-00', '00:00:00', '', ''),
('08', '0801', '24', '080124', 'SAN MARTíN', '', '0000-00-00', '00:00:00', '', '0000-00-00', '00:00:00', '', ''),
('08', '0801', '25', '080125', 'SANTA ANA', '', '0000-00-00', '00:00:00', '', '0000-00-00', '00:00:00', '', ''),
('08', '0801', '26', '080126', 'TOCíƒÅ¡MEN', '', '0000-00-00', '00:00:00', '', '0000-00-00', '00:00:00', '', ''),
('08', '0802', '01', '080201', 'SAN MIGUEL (CAB.)', '', '0000-00-00', '00:00:00', '', '0000-00-00', '00:00:00', '', ''),
('08', '0802', '02', '080202', 'LA ENSENADA', '', '0000-00-00', '00:00:00', '', '0000-00-00', '00:00:00', '', ''),
('08', '0802', '03', '080203', 'LA ESMERALDA', '', '0000-00-00', '00:00:00', '', '0000-00-00', '00:00:00', '', ''),
('08', '0802', '04', '080204', 'LA GUINEA', '', '0000-00-00', '00:00:00', '', '0000-00-00', '00:00:00', '', ''),
('08', '0802', '05', '080205', 'PEDRO GONZALEZ', '', '0000-00-00', '00:00:00', '', '0000-00-00', '00:00:00', '', ''),
('08', '0802', '06', '080206', 'SABOGA', '', '0000-00-00', '00:00:00', '', '0000-00-00', '00:00:00', '', ''),
('08', '0803', '01', '080301', 'AMELIA DENIS DE ICAZA', '', '0000-00-00', '00:00:00', '', '0000-00-00', '00:00:00', '', ''),
('08', '0803', '02', '080302', 'BELISARIO PORRAS', '', '0000-00-00', '00:00:00', '', '0000-00-00', '00:00:00', '', ''),
('08', '0803', '03', '080303', 'JOSí€° DOMINGO ESPINAR', '', '0000-00-00', '00:00:00', '', '0000-00-00', '00:00:00', '', ''),
('08', '0803', '04', '080304', 'MATEO ITURRALDE', '', '0000-00-00', '00:00:00', '', '0000-00-00', '00:00:00', '', ''),
('08', '0803', '05', '080305', 'VICTORIANO LORENZO', '', '0000-00-00', '00:00:00', '', '0000-00-00', '00:00:00', '', ''),
('08', '0803', '06', '080306', 'ARNULFO ARIAS MADRID', '', '0000-00-00', '00:00:00', '', '0000-00-00', '00:00:00', '', ''),
('08', '0803', '07', '080307', 'BELISARIO FRíAS', '', '0000-00-00', '00:00:00', '', '0000-00-00', '00:00:00', '', ''),
('08', '0803', '08', '080308', 'OMAR TORRIJOS', '', '0000-00-00', '00:00:00', '', '0000-00-00', '00:00:00', '', ''),
('08', '0803', '09', '080309', 'RUFINA ALFARO', '', '0000-00-00', '00:00:00', '', '0000-00-00', '00:00:00', '', ''),
('08', '0804', '01', '080401', 'TABOGA (CAB.)', '', '0000-00-00', '00:00:00', '', '0000-00-00', '00:00:00', '', ''),
('08', '0804', '02', '080402', 'OTOQUE OCCIDENTE', '', '0000-00-00', '00:00:00', '', '0000-00-00', '00:00:00', '', ''),
('08', '0804', '03', '080403', 'OTOQUE ORIENTE', '', '0000-00-00', '00:00:00', '', '0000-00-00', '00:00:00', '', ''),
('08', '0805', '01', '080501', 'CHEPO (CAB.)', '', '0000-00-00', '00:00:00', '', '0000-00-00', '00:00:00', '', ''),
('08', '0805', '02', '080502', 'CAí€˜ITA', '', '0000-00-00', '00:00:00', '', '0000-00-00', '00:00:00', '', ''),
('08', '0805', '03', '080503', 'CHEPILLO', '', '0000-00-00', '00:00:00', '', '0000-00-00', '00:00:00', '', ''),
('08', '0805', '04', '080504', 'EL LLANO', '', '0000-00-00', '00:00:00', '', '0000-00-00', '00:00:00', '', ''),
('08', '0805', '05', '080505', 'LAS MARGARITAS', '', '0000-00-00', '00:00:00', '', '0000-00-00', '00:00:00', '', ''),
('08', '0805', '06', '080506', 'SANTA CRUZ DE CHININA', '', '0000-00-00', '00:00:00', '', '0000-00-00', '00:00:00', '', ''),
('08', '0805', '07', '080507', 'COMARCA KUNA DE MADUGANDí', '', '0000-00-00', '00:00:00', '', '0000-00-00', '00:00:00', '', ''),
('08', '0805', '08', '080508', 'TORTí', '', '0000-00-00', '00:00:00', '', '0000-00-00', '00:00:00', '', ''),
('08', '0806', '01', '080601', 'CHIMíN (CAB.)', '', '0000-00-00', '00:00:00', '', '0000-00-00', '00:00:00', '', ''),
('08', '0806', '02', '080602', 'BRUJAS', '', '0000-00-00', '00:00:00', '', '0000-00-00', '00:00:00', '', ''),
('08', '0806', '03', '080603', 'GONZALO VíSQUEZ', '', '0000-00-00', '00:00:00', '', '0000-00-00', '00:00:00', '', ''),
('08', '0806', '04', '080604', 'PíSIGA', '', '0000-00-00', '00:00:00', '', '0000-00-00', '00:00:00', '', ''),
('08', '0806', '05', '080605', 'UNIí€œN SANTEí€˜A', '', '0000-00-00', '00:00:00', '', '0000-00-00', '00:00:00', '', ''),
('09', '0901', '01', '090101', 'ATALAYA (CAB.)', '', '0000-00-00', '00:00:00', '', '0000-00-00', '00:00:00', '', ''),
('09', '0901', '02', '090102', 'EL BARRITO', '', '0000-00-00', '00:00:00', '', '0000-00-00', '00:00:00', '', ''),
('09', '0901', '03', '090103', 'LA MONTAí€˜UELA', '', '0000-00-00', '00:00:00', '', '0000-00-00', '00:00:00', '', ''),
('09', '0901', '04', '090104', 'LA CARRILLO', '', '0000-00-00', '00:00:00', '', '0000-00-00', '00:00:00', '', '');
INSERT INTO `corregimiento` (`codigo_provincia`, `codigo_distrito`, `codigo`, `codigo_corregimiento`, `nombre_corregimiento`, `usuario_creacion`, `fecha_creacion`, `hora_creacion`, `usuario_actualiza`, `fecha_actualiza`, `hora_actualiza`, `detalle_conexion_creacion`, `detalle_conexion_actualiza`) VALUES
('09', '0901', '05', '090105', 'SAN ANTONIO', '', '0000-00-00', '00:00:00', '', '0000-00-00', '00:00:00', '', ''),
('09', '0902', '01', '090201', 'CALOBRE (CAB.)', '', '0000-00-00', '00:00:00', '', '0000-00-00', '00:00:00', '', ''),
('09', '0902', '02', '090202', 'BARNIZAL', '', '0000-00-00', '00:00:00', '', '0000-00-00', '00:00:00', '', ''),
('09', '0902', '03', '090203', 'CHITRA', '', '0000-00-00', '00:00:00', '', '0000-00-00', '00:00:00', '', ''),
('09', '0902', '04', '090204', 'EL COCLA', '', '0000-00-00', '00:00:00', '', '0000-00-00', '00:00:00', '', ''),
('09', '0902', '05', '090205', 'EL POTRERO', '', '0000-00-00', '00:00:00', '', '0000-00-00', '00:00:00', '', ''),
('09', '0902', '06', '090206', 'LA LAGUNA', '', '0000-00-00', '00:00:00', '', '0000-00-00', '00:00:00', '', ''),
('09', '0902', '07', '090207', 'LA RAYA DE CALOBRE', '', '0000-00-00', '00:00:00', '', '0000-00-00', '00:00:00', '', ''),
('09', '0902', '08', '090208', 'LA TETILLA', '', '0000-00-00', '00:00:00', '', '0000-00-00', '00:00:00', '', ''),
('09', '0902', '09', '090209', 'LA YEGUADA', '', '0000-00-00', '00:00:00', '', '0000-00-00', '00:00:00', '', ''),
('09', '0902', '10', '090210', 'LAS GUíAS', '', '0000-00-00', '00:00:00', '', '0000-00-00', '00:00:00', '', ''),
('09', '0902', '11', '090211', 'MONJARíS', '', '0000-00-00', '00:00:00', '', '0000-00-00', '00:00:00', '', ''),
('09', '0902', '12', '090212', 'SAN JOSí€°', '', '0000-00-00', '00:00:00', '', '0000-00-00', '00:00:00', '', ''),
('09', '0903', '01', '090301', 'CAí€˜AZAS (CAB.)', '', '0000-00-00', '00:00:00', '', '0000-00-00', '00:00:00', '', ''),
('09', '0903', '02', '090302', 'CERRO DE PLATA', '', '0000-00-00', '00:00:00', '', '0000-00-00', '00:00:00', '', ''),
('09', '0903', '03', '090303', 'EL PICADOR', '', '0000-00-00', '00:00:00', '', '0000-00-00', '00:00:00', '', ''),
('09', '0903', '04', '090304', 'LOS VALLES', '', '0000-00-00', '00:00:00', '', '0000-00-00', '00:00:00', '', ''),
('09', '0903', '05', '090305', 'SAN JOSí€°', '', '0000-00-00', '00:00:00', '', '0000-00-00', '00:00:00', '', ''),
('09', '0903', '06', '090306', 'SAN MARCELO', '', '0000-00-00', '00:00:00', '', '0000-00-00', '00:00:00', '', ''),
('09', '0903', '07', '090307', 'EL AROMILLO', '', '0000-00-00', '00:00:00', '', '0000-00-00', '00:00:00', '', ''),
('09', '0903', '08', '090308', 'LAS CRUCES', '', '0000-00-00', '00:00:00', '', '0000-00-00', '00:00:00', '', ''),
('09', '0904', '01', '090401', 'LA MESA (CAB.)', '', '0000-00-00', '00:00:00', '', '0000-00-00', '00:00:00', '', ''),
('09', '0904', '02', '090402', 'BISVALLES', '', '0000-00-00', '00:00:00', '', '0000-00-00', '00:00:00', '', ''),
('09', '0904', '03', '090403', 'BORO', '', '0000-00-00', '00:00:00', '', '0000-00-00', '00:00:00', '', ''),
('09', '0904', '04', '090404', 'LLANO GRANDE', '', '0000-00-00', '00:00:00', '', '0000-00-00', '00:00:00', '', ''),
('09', '0904', '05', '090405', 'SAN BARTOLO', '', '0000-00-00', '00:00:00', '', '0000-00-00', '00:00:00', '', ''),
('09', '0904', '06', '090406', 'LOS MILAGROS', '', '0000-00-00', '00:00:00', '', '0000-00-00', '00:00:00', '', ''),
('09', '0904', '07', '090407', 'EL HIGO', '', '0000-00-00', '00:00:00', '', '0000-00-00', '00:00:00', '', ''),
('09', '0905', '01', '090501', 'LAS PALMAS (CAB.)', '', '0000-00-00', '00:00:00', '', '0000-00-00', '00:00:00', '', ''),
('09', '0905', '02', '090502', 'CERRO DE CASA', '', '0000-00-00', '00:00:00', '', '0000-00-00', '00:00:00', '', ''),
('09', '0905', '03', '090503', 'COROZAL', '', '0000-00-00', '00:00:00', '', '0000-00-00', '00:00:00', '', ''),
('09', '0905', '04', '090504', 'EL MARíA', '', '0000-00-00', '00:00:00', '', '0000-00-00', '00:00:00', '', ''),
('09', '0905', '05', '090505', 'EL PRADO', '', '0000-00-00', '00:00:00', '', '0000-00-00', '00:00:00', '', ''),
('09', '0905', '06', '090506', 'EL RINCí€œN', '', '0000-00-00', '00:00:00', '', '0000-00-00', '00:00:00', '', ''),
('09', '0905', '07', '090507', 'LOLí', '', '0000-00-00', '00:00:00', '', '0000-00-00', '00:00:00', '', ''),
('09', '0905', '08', '090508', 'PIXVAE', '', '0000-00-00', '00:00:00', '', '0000-00-00', '00:00:00', '', ''),
('09', '0905', '09', '090509', 'PUERTO VIDAL', '', '0000-00-00', '00:00:00', '', '0000-00-00', '00:00:00', '', ''),
('09', '0905', '10', '090510', 'SAN MARTíN DE PORRES', '', '0000-00-00', '00:00:00', '', '0000-00-00', '00:00:00', '', ''),
('09', '0905', '11', '090511', 'VIGUí', '', '0000-00-00', '00:00:00', '', '0000-00-00', '00:00:00', '', ''),
('09', '0905', '12', '090512', 'ZAPOTILLO', '', '0000-00-00', '00:00:00', '', '0000-00-00', '00:00:00', '', ''),
('09', '0905', '13', '090513', 'MANUEL E. AMADOR TERRERO', '', '0000-00-00', '00:00:00', '', '0000-00-00', '00:00:00', '', ''),
('09', '0906', '01', '090601', 'MONTIJO (CAB.)', '', '0000-00-00', '00:00:00', '', '0000-00-00', '00:00:00', '', ''),
('09', '0906', '02', '090602', 'UNIí€œN DEL NORTE', '', '0000-00-00', '00:00:00', '', '0000-00-00', '00:00:00', '', ''),
('09', '0906', '03', '090603', 'GOBERNADORA', '', '0000-00-00', '00:00:00', '', '0000-00-00', '00:00:00', '', ''),
('09', '0906', '04', '090604', 'LA GARCEANA', '', '0000-00-00', '00:00:00', '', '0000-00-00', '00:00:00', '', ''),
('09', '0906', '05', '090605', 'LEONES', '', '0000-00-00', '00:00:00', '', '0000-00-00', '00:00:00', '', ''),
('09', '0906', '06', '090606', 'LLANO DE CATIVAL', '', '0000-00-00', '00:00:00', '', '0000-00-00', '00:00:00', '', ''),
('09', '0906', '07', '090607', 'PILí€œN', '', '0000-00-00', '00:00:00', '', '0000-00-00', '00:00:00', '', ''),
('09', '0906', '08', '090608', 'COSTA HERMOSA', '', '0000-00-00', '00:00:00', '', '0000-00-00', '00:00:00', '', ''),
('09', '0906', '09', '090609', 'TEBARIO (MARIATO)', '', '0000-00-00', '00:00:00', '', '0000-00-00', '00:00:00', '', ''),
('09', '0906', '10', '090610', 'Cí€°BACO', '', '0000-00-00', '00:00:00', '', '0000-00-00', '00:00:00', '', ''),
('09', '0907', '01', '090701', 'RíO DE JESíƒÅ¡S (CAB.)', '', '0000-00-00', '00:00:00', '', '0000-00-00', '00:00:00', '', ''),
('09', '0907', '02', '090702', 'LAS HUACAS', '', '0000-00-00', '00:00:00', '', '0000-00-00', '00:00:00', '', ''),
('09', '0907', '03', '090703', 'LOS CASTILLOS', '', '0000-00-00', '00:00:00', '', '0000-00-00', '00:00:00', '', ''),
('09', '0907', '04', '090704', 'UTIRA', '', '0000-00-00', '00:00:00', '', '0000-00-00', '00:00:00', '', ''),
('09', '0907', '05', '090705', 'CATORCE DE NOVIEMBRE', '', '0000-00-00', '00:00:00', '', '0000-00-00', '00:00:00', '', ''),
('09', '0908', '01', '090801', 'SAN FRANCISCO (CAB.)', '', '0000-00-00', '00:00:00', '', '0000-00-00', '00:00:00', '', ''),
('09', '0908', '02', '090802', 'CORRAL FALSO O PANAMAES', '', '0000-00-00', '00:00:00', '', '0000-00-00', '00:00:00', '', ''),
('09', '0908', '03', '090803', 'LOS HATILLOS', '', '0000-00-00', '00:00:00', '', '0000-00-00', '00:00:00', '', ''),
('09', '0908', '04', '090804', 'REMANCE', '', '0000-00-00', '00:00:00', '', '0000-00-00', '00:00:00', '', ''),
('09', '0908', '05', '090805', 'SAN JUAN', '', '0000-00-00', '00:00:00', '', '0000-00-00', '00:00:00', '', ''),
('09', '0908', '06', '090806', 'SAN JOSí€° ', '', '0000-00-00', '00:00:00', '', '0000-00-00', '00:00:00', '', ''),
('09', '0909', '01', '090901', 'SANTA FE (CAB.)', '', '0000-00-00', '00:00:00', '', '0000-00-00', '00:00:00', '', ''),
('09', '0909', '02', '090902', 'CALOVí€°BORA', '', '0000-00-00', '00:00:00', '', '0000-00-00', '00:00:00', '', ''),
('09', '0909', '03', '090903', 'EL ALTO', '', '0000-00-00', '00:00:00', '', '0000-00-00', '00:00:00', '', ''),
('09', '0909', '04', '090904', 'EL CUAY', '', '0000-00-00', '00:00:00', '', '0000-00-00', '00:00:00', '', ''),
('09', '0909', '05', '090905', 'EL PANTANO', '', '0000-00-00', '00:00:00', '', '0000-00-00', '00:00:00', '', ''),
('09', '0909', '06', '090906', 'GATíƒÅ¡ O GATUCITO', '', '0000-00-00', '00:00:00', '', '0000-00-00', '00:00:00', '', ''),
('09', '0909', '07', '090907', 'RíO LUIS', '', '0000-00-00', '00:00:00', '', '0000-00-00', '00:00:00', '', ''),
('09', '0909', '08', '090908', 'RUBí€°N CANTíƒÅ¡', '', '0000-00-00', '00:00:00', '', '0000-00-00', '00:00:00', '', ''),
('09', '0910', '01', '091001', 'SANTIAGO (CAB.)', '', '0000-00-00', '00:00:00', '', '0000-00-00', '00:00:00', '', ''),
('09', '0910', '02', '091002', 'LA COLORADA', '', '0000-00-00', '00:00:00', '', '0000-00-00', '00:00:00', '', ''),
('09', '0910', '03', '091003', 'LA PEí€˜A', '', '0000-00-00', '00:00:00', '', '0000-00-00', '00:00:00', '', ''),
('09', '0910', '04', '091004', 'LA RAYA DE SANTA MARíA', '', '0000-00-00', '00:00:00', '', '0000-00-00', '00:00:00', '', ''),
('09', '0910', '05', '091005', 'PONUGA', '', '0000-00-00', '00:00:00', '', '0000-00-00', '00:00:00', '', ''),
('09', '0910', '06', '091006', 'SAN PEDRO DEL ESPINO', '', '0000-00-00', '00:00:00', '', '0000-00-00', '00:00:00', '', ''),
('09', '0910', '07', '091007', 'CANTO DEL LLANO', '', '0000-00-00', '00:00:00', '', '0000-00-00', '00:00:00', '', ''),
('09', '0910', '08', '091008', 'LOS ALGARROBOS', '', '0000-00-00', '00:00:00', '', '0000-00-00', '00:00:00', '', ''),
('09', '0910', '09', '091009', 'CARLOS SANTANA íVILA', '', '0000-00-00', '00:00:00', '', '0000-00-00', '00:00:00', '', ''),
('09', '0910', '10', '091010', 'EDWIN FíBREGA ', '', '0000-00-00', '00:00:00', '', '0000-00-00', '00:00:00', '', ''),
('09', '0910', '11', '091011', 'SAN MARTIN DE PORRES', '', '0000-00-00', '00:00:00', '', '0000-00-00', '00:00:00', '', ''),
('09', '0910', '12', '091012', 'URRACí', '', '0000-00-00', '00:00:00', '', '0000-00-00', '00:00:00', '', ''),
('09', '0910', '13', '091013', 'RODRIGO LUQUE', '', '0000-00-00', '00:00:00', '', '0000-00-00', '00:00:00', '', ''),
('09', '0910', '14', '091014', 'SANTIAGO ESTE', '', '0000-00-00', '00:00:00', '', '0000-00-00', '00:00:00', '', ''),
('09', '0910', '15', '091015', 'SANTIAGO SUR', '', '0000-00-00', '00:00:00', '', '0000-00-00', '00:00:00', '', ''),
('09', '0910', '16', '091016', 'NUEVO SANTIAGO', '', '0000-00-00', '00:00:00', '', '0000-00-00', '00:00:00', '', ''),
('09', '0911', '01', '091101', 'SONí (CAB.)', '', '0000-00-00', '00:00:00', '', '0000-00-00', '00:00:00', '', ''),
('09', '0911', '02', '091102', 'BAHíA HONDA', '', '0000-00-00', '00:00:00', '', '0000-00-00', '00:00:00', '', ''),
('09', '0911', '03', '091103', 'CALIDONIA', '', '0000-00-00', '00:00:00', '', '0000-00-00', '00:00:00', '', ''),
('09', '0911', '04', '091104', 'CATIVí€°', '', '0000-00-00', '00:00:00', '', '0000-00-00', '00:00:00', '', ''),
('09', '0911', '05', '091105', 'EL MARAí€˜í€œN', '', '0000-00-00', '00:00:00', '', '0000-00-00', '00:00:00', '', ''),
('09', '0911', '06', '091106', 'GUARUMAL', '', '0000-00-00', '00:00:00', '', '0000-00-00', '00:00:00', '', ''),
('09', '0911', '07', '091107', 'LA SOLEDAD', '', '0000-00-00', '00:00:00', '', '0000-00-00', '00:00:00', '', ''),
('09', '0911', '08', '091108', 'QUEBRADA DE ORO', '', '0000-00-00', '00:00:00', '', '0000-00-00', '00:00:00', '', ''),
('09', '0911', '09', '091109', 'RíO GRANDE', '', '0000-00-00', '00:00:00', '', '0000-00-00', '00:00:00', '', ''),
('09', '0911', '10', '091110', 'RODEO VIEJO', '', '0000-00-00', '00:00:00', '', '0000-00-00', '00:00:00', '', ''),
('09', '0911', '11', '091111', 'HICACO', '', '0000-00-00', '00:00:00', '', '0000-00-00', '00:00:00', '', ''),
('09', '0911', '12', '091112', 'LA TRINCHERA', '', '0000-00-00', '00:00:00', '', '0000-00-00', '00:00:00', '', ''),
('09', '0912', '01', '091201', 'Mariato', '', '0000-00-00', '00:00:00', '', '0000-00-00', '00:00:00', '', ''),
('09', '0912', '02', '091202', 'Arenas', '', '0000-00-00', '00:00:00', '', '0000-00-00', '00:00:00', '', ''),
('09', '0912', '03', '091203', 'El Cacao', '', '0000-00-00', '00:00:00', '', '0000-00-00', '00:00:00', '', ''),
('09', '0912', '04', '091204', 'Quebro', '', '0000-00-00', '00:00:00', '', '0000-00-00', '00:00:00', '', ''),
('09', '0912', '05', '091205', 'Tebario', '', '0000-00-00', '00:00:00', '', '0000-00-00', '00:00:00', '', ''),
('10', '1001', '01', '100101', 'NARGANí (CAB.)', '', '0000-00-00', '00:00:00', '', '0000-00-00', '00:00:00', '', ''),
('10', '1001', '02', '100102', 'AILIGANDí', '', '0000-00-00', '00:00:00', '', '0000-00-00', '00:00:00', '', ''),
('10', '1001', '03', '100103', 'PUERTO OBALDíA', '', '0000-00-00', '00:00:00', '', '0000-00-00', '00:00:00', '', ''),
('10', '1001', '04', '100104', 'TUBUALí', '', '0000-00-00', '00:00:00', '', '0000-00-00', '00:00:00', '', ''),
('11', '1101', '01', '110101', 'CIRILO GUAYNORA (CAB.)', '', '0000-00-00', '00:00:00', '', '0000-00-00', '00:00:00', '', ''),
('11', '1101', '02', '110102', 'LAJAS BLANCAS', '', '0000-00-00', '00:00:00', '', '0000-00-00', '00:00:00', '', ''),
('11', '1101', '03', '110103', 'MANUEL ORTEGA', '', '0000-00-00', '00:00:00', '', '0000-00-00', '00:00:00', '', ''),
('11', '1102', '01', '110201', 'RíO SíBALO', '', '0000-00-00', '00:00:00', '', '0000-00-00', '00:00:00', '', ''),
('11', '1102', '02', '110202', 'JINGURUDí€œ', '', '0000-00-00', '00:00:00', '', '0000-00-00', '00:00:00', '', ''),
('12', '1201', '01', '120101', 'SOLOY (CAB.)', '', '0000-00-00', '00:00:00', '', '0000-00-00', '00:00:00', '', ''),
('12', '1201', '02', '120102', 'BOCA DE BALSA', '', '0000-00-00', '00:00:00', '', '0000-00-00', '00:00:00', '', ''),
('12', '1201', '03', '120103', 'CAMARí€œN ARRIBA', '', '0000-00-00', '00:00:00', '', '0000-00-00', '00:00:00', '', ''),
('12', '1201', '04', '120104', 'CERRO BANCO', '', '0000-00-00', '00:00:00', '', '0000-00-00', '00:00:00', '', ''),
('12', '1201', '05', '120105', 'CERRO DE PATENA', '', '0000-00-00', '00:00:00', '', '0000-00-00', '00:00:00', '', ''),
('12', '1201', '06', '120106', 'EMPLANADA DE CHORCHA', '', '0000-00-00', '00:00:00', '', '0000-00-00', '00:00:00', '', ''),
('12', '1201', '07', '120107', 'Ní€žMNONI', '', '0000-00-00', '00:00:00', '', '0000-00-00', '00:00:00', '', ''),
('12', '1201', '08', '120108', 'NIBA', '', '0000-00-00', '00:00:00', '', '0000-00-00', '00:00:00', '', ''),
('12', '1202', '01', '120201', 'HATO PILí€œN (CAB.)', '', '0000-00-00', '00:00:00', '', '0000-00-00', '00:00:00', '', ''),
('12', '1202', '02', '120202', 'CASCABEL', '', '0000-00-00', '00:00:00', '', '0000-00-00', '00:00:00', '', ''),
('12', '1202', '03', '120203', 'HATO COROTíƒÅ¡', '', '0000-00-00', '00:00:00', '', '0000-00-00', '00:00:00', '', ''),
('12', '1202', '04', '120204', 'HATO CULANTRO', '', '0000-00-00', '00:00:00', '', '0000-00-00', '00:00:00', '', ''),
('12', '1202', '05', '120205', 'HATO JOBO', '', '0000-00-00', '00:00:00', '', '0000-00-00', '00:00:00', '', ''),
('12', '1202', '06', '120206', 'HATO JULí', '', '0000-00-00', '00:00:00', '', '0000-00-00', '00:00:00', '', ''),
('12', '1202', '07', '120207', 'QUEBRADA DE LORO', '', '0000-00-00', '00:00:00', '', '0000-00-00', '00:00:00', '', ''),
('12', '1202', '08', '120208', 'SALTO DUPí', '', '0000-00-00', '00:00:00', '', '0000-00-00', '00:00:00', '', ''),
('12', '1203', '01', '120301', 'CHICHICA (CAB.)', '', '0000-00-00', '00:00:00', '', '0000-00-00', '00:00:00', '', ''),
('12', '1203', '02', '120302', 'ALTO CABALLERO', '', '0000-00-00', '00:00:00', '', '0000-00-00', '00:00:00', '', ''),
('12', '1203', '03', '120303', 'BAKAMA', '', '0000-00-00', '00:00:00', '', '0000-00-00', '00:00:00', '', ''),
('12', '1203', '04', '120304', 'CERRO CAí€˜A', '', '0000-00-00', '00:00:00', '', '0000-00-00', '00:00:00', '', ''),
('12', '1203', '05', '120305', 'CERRO PUERCO', '', '0000-00-00', '00:00:00', '', '0000-00-00', '00:00:00', '', ''),
('12', '1203', '06', '120306', 'KRíƒÅ“A', '', '0000-00-00', '00:00:00', '', '0000-00-00', '00:00:00', '', ''),
('12', '1203', '07', '120307', 'MARACA', '', '0000-00-00', '00:00:00', '', '0000-00-00', '00:00:00', '', ''),
('12', '1203', '08', '120308', 'NIBRA', '', '0000-00-00', '00:00:00', '', '0000-00-00', '00:00:00', '', ''),
('12', '1203', '09', '120309', 'PEí€˜A BLANCA', '', '0000-00-00', '00:00:00', '', '0000-00-00', '00:00:00', '', ''),
('12', '1203', '10', '120310', 'ROKA', '', '0000-00-00', '00:00:00', '', '0000-00-00', '00:00:00', '', ''),
('12', '1203', '11', '120311', 'SITIO PRADO', '', '0000-00-00', '00:00:00', '', '0000-00-00', '00:00:00', '', ''),
('12', '1203', '12', '120312', 'UMANí', '', '0000-00-00', '00:00:00', '', '0000-00-00', '00:00:00', '', ''),
('12', '1204', '01', '120401', 'CERRO IGLESIAS (CAB.)', '', '0000-00-00', '00:00:00', '', '0000-00-00', '00:00:00', '', ''),
('12', '1204', '02', '120402', 'HATO CHAMí', '', '0000-00-00', '00:00:00', '', '0000-00-00', '00:00:00', '', ''),
('12', '1204', '03', '120403', 'Jí€žDABERI', '', '0000-00-00', '00:00:00', '', '0000-00-00', '00:00:00', '', ''),
('12', '1204', '04', '120404', 'LAJERO', '', '0000-00-00', '00:00:00', '', '0000-00-00', '00:00:00', '', ''),
('12', '1204', '05', '120405', 'SUSAMA', '', '0000-00-00', '00:00:00', '', '0000-00-00', '00:00:00', '', ''),
('12', '1205', '01', '120501', 'BUENOS AIRES (CAB.)', '', '0000-00-00', '00:00:00', '', '0000-00-00', '00:00:00', '', ''),
('12', '1205', '02', '120502', 'AGUA DE SALUD', '', '0000-00-00', '00:00:00', '', '0000-00-00', '00:00:00', '', ''),
('12', '1205', '03', '120503', 'ALTO DE JESíƒÅ¡S', '', '0000-00-00', '00:00:00', '', '0000-00-00', '00:00:00', '', ''),
('12', '1205', '04', '120504', 'CERRO PELADO', '', '0000-00-00', '00:00:00', '', '0000-00-00', '00:00:00', '', ''),
('12', '1205', '05', '120505', 'EL BALE', '', '0000-00-00', '00:00:00', '', '0000-00-00', '00:00:00', '', ''),
('12', '1205', '06', '120506', 'EL PAREDí€œN', '', '0000-00-00', '00:00:00', '', '0000-00-00', '00:00:00', '', ''),
('12', '1205', '07', '120507', 'EL PIRO', '', '0000-00-00', '00:00:00', '', '0000-00-00', '00:00:00', '', ''),
('12', '1205', '08', '120508', 'GUAYABITO', '', '0000-00-00', '00:00:00', '', '0000-00-00', '00:00:00', '', ''),
('12', '1205', '09', '120509', 'GíƒÅ“IBALE', '', '0000-00-00', '00:00:00', '', '0000-00-00', '00:00:00', '', ''),
('12', '1206', '01', '120601', 'BISIRA (CAB.)', '', '0000-00-00', '00:00:00', '', '0000-00-00', '00:00:00', '', ''),
('12', '1206', '02', '120602', 'BURí', '', '0000-00-00', '00:00:00', '', '0000-00-00', '00:00:00', '', ''),
('12', '1206', '03', '120603', 'GUARIVIARA', '', '0000-00-00', '00:00:00', '', '0000-00-00', '00:00:00', '', ''),
('12', '1206', '04', '120604', 'GUORONí', '', '0000-00-00', '00:00:00', '', '0000-00-00', '00:00:00', '', ''),
('12', '1206', '05', '120605', 'KANKINTíƒÅ¡', '', '0000-00-00', '00:00:00', '', '0000-00-00', '00:00:00', '', ''),
('12', '1206', '06', '120606', 'MUNUNí', '', '0000-00-00', '00:00:00', '', '0000-00-00', '00:00:00', '', ''),
('12', '1206', '07', '120607', 'PIEDRA ROJA', '', '0000-00-00', '00:00:00', '', '0000-00-00', '00:00:00', '', ''),
('12', '1206', '08', '120608', 'TUWAI', '', '0000-00-00', '00:00:00', '', '0000-00-00', '00:00:00', '', ''),
('12', '1207', '01', '120701', 'KUSAPíN', '', '0000-00-00', '00:00:00', '', '0000-00-00', '00:00:00', '', ''),
('12', '1207', '02', '120702', 'BAHíA AZUL', '', '0000-00-00', '00:00:00', '', '0000-00-00', '00:00:00', '', ''),
('12', '1207', '03', '120703', 'CALOVí€°BORA O SANTA CATALINA', '', '0000-00-00', '00:00:00', '', '0000-00-00', '00:00:00', '', ''),
('12', '1207', '04', '120704', 'LOMA YUCA', '', '0000-00-00', '00:00:00', '', '0000-00-00', '00:00:00', '', ''),
('12', '1207', '05', '120705', 'ISLA ESCUDO DE VERAGUAS', '', '0000-00-00', '00:00:00', '', '0000-00-00', '00:00:00', '', ''),
('12', '1207', '06', '120706', 'TOBOBE', '', '0000-00-00', '00:00:00', '', '0000-00-00', '00:00:00', '', ''),
('12', '1207', '07', '120707', 'VALLE BONITO', '', '0000-00-00', '00:00:00', '', '0000-00-00', '00:00:00', '', ''),
('13', '1301', '01', '130101', 'ARRAIJíN (CAB.)', '', '0000-00-00', '00:00:00', '', '0000-00-00', '00:00:00', '', ''),
('13', '1301', '02', '130102', 'JUAN D. AROSEMENA', '', '0000-00-00', '00:00:00', '', '0000-00-00', '00:00:00', '', ''),
('13', '1301', '03', '130103', 'NUEVO EMPERADOR', '', '0000-00-00', '00:00:00', '', '0000-00-00', '00:00:00', '', ''),
('13', '1301', '04', '130104', 'SANTA CLARA', '', '0000-00-00', '00:00:00', '', '0000-00-00', '00:00:00', '', ''),
('13', '1301', '05', '130105', 'VERACRUZ', '', '0000-00-00', '00:00:00', '', '0000-00-00', '00:00:00', '', ''),
('13', '1301', '06', '130106', 'VISTA ALEGRE', '', '0000-00-00', '00:00:00', '', '0000-00-00', '00:00:00', '', ''),
('13', '1301', '07', '130107', 'BURUNGA', '', '0000-00-00', '00:00:00', '', '0000-00-00', '00:00:00', '', ''),
('13', '1301', '08', '130108', 'CERRO SILVESTRE', '', '0000-00-00', '00:00:00', '', '0000-00-00', '00:00:00', '', ''),
('13', '1302', '01', '130201', 'BARRIO BALBOA', '', '0000-00-00', '00:00:00', '', '0000-00-00', '00:00:00', '', ''),
('13', '1302', '02', '130202', 'BARRIO COLí€œN', '', '0000-00-00', '00:00:00', '', '0000-00-00', '00:00:00', '', ''),
('13', '1302', '03', '130203', 'AMADOR', '', '0000-00-00', '00:00:00', '', '0000-00-00', '00:00:00', '', ''),
('13', '1302', '04', '130204', 'AROSEMENA', '', '0000-00-00', '00:00:00', '', '0000-00-00', '00:00:00', '', ''),
('13', '1302', '05', '130205', 'EL ARADO', '', '0000-00-00', '00:00:00', '', '0000-00-00', '00:00:00', '', ''),
('13', '1302', '06', '130206', 'EL COCO', '', '0000-00-00', '00:00:00', '', '0000-00-00', '00:00:00', '', ''),
('13', '1302', '07', '130207', 'FEUILLET', '', '0000-00-00', '00:00:00', '', '0000-00-00', '00:00:00', '', ''),
('13', '1302', '08', '130208', 'GUADALUPE', '', '0000-00-00', '00:00:00', '', '0000-00-00', '00:00:00', '', ''),
('13', '1302', '09', '130209', 'HERRERA', '', '0000-00-00', '00:00:00', '', '0000-00-00', '00:00:00', '', ''),
('13', '1302', '10', '130210', 'HURTADO', '', '0000-00-00', '00:00:00', '', '0000-00-00', '00:00:00', '', ''),
('13', '1302', '11', '130211', 'ITURRALDE', '', '0000-00-00', '00:00:00', '', '0000-00-00', '00:00:00', '', ''),
('13', '1302', '12', '130212', 'LA REPRESA', '', '0000-00-00', '00:00:00', '', '0000-00-00', '00:00:00', '', ''),
('13', '1302', '13', '130213', 'LOS DíAZ', '', '0000-00-00', '00:00:00', '', '0000-00-00', '00:00:00', '', ''),
('13', '1302', '14', '130214', 'MENDOZA', '', '0000-00-00', '00:00:00', '', '0000-00-00', '00:00:00', '', ''),
('13', '1302', '15', '130215', 'OBALDíA', '', '0000-00-00', '00:00:00', '', '0000-00-00', '00:00:00', '', ''),
('13', '1302', '16', '130216', 'PLAYA LEONA', '', '0000-00-00', '00:00:00', '', '0000-00-00', '00:00:00', '', ''),
('13', '1302', '17', '130217', 'PUERTO CAIMITO', '', '0000-00-00', '00:00:00', '', '0000-00-00', '00:00:00', '', ''),
('13', '1302', '18', '130218', 'SANTA RITA', '', '0000-00-00', '00:00:00', '', '0000-00-00', '00:00:00', '', ''),
('13', '1303', '01', '130301', 'CAPIRA (CAB.)', '', '0000-00-00', '00:00:00', '', '0000-00-00', '00:00:00', '', ''),
('13', '1303', '02', '130302', 'CAIMITO', '', '0000-00-00', '00:00:00', '', '0000-00-00', '00:00:00', '', ''),
('13', '1303', '03', '130303', 'CAMPANA', '', '0000-00-00', '00:00:00', '', '0000-00-00', '00:00:00', '', ''),
('13', '1303', '04', '130304', 'CERMEí€˜O', '', '0000-00-00', '00:00:00', '', '0000-00-00', '00:00:00', '', ''),
('13', '1303', '05', '130305', 'CIRí DE LOS SOTOS', '', '0000-00-00', '00:00:00', '', '0000-00-00', '00:00:00', '', ''),
('13', '1303', '06', '130306', 'CIRí GRANDE', '', '0000-00-00', '00:00:00', '', '0000-00-00', '00:00:00', '', ''),
('13', '1303', '07', '130307', 'EL CACAO', '', '0000-00-00', '00:00:00', '', '0000-00-00', '00:00:00', '', ''),
('13', '1303', '08', '130308', 'LA TRINIDAD', '', '0000-00-00', '00:00:00', '', '0000-00-00', '00:00:00', '', ''),
('13', '1303', '09', '130309', 'LAS OLLAS ARRIBA', '', '0000-00-00', '00:00:00', '', '0000-00-00', '00:00:00', '', ''),
('13', '1303', '10', '130310', 'LíDICE', '', '0000-00-00', '00:00:00', '', '0000-00-00', '00:00:00', '', ''),
('13', '1303', '11', '130311', 'VILLA CARMEN', '', '0000-00-00', '00:00:00', '', '0000-00-00', '00:00:00', '', ''),
('13', '1303', '12', '130312', 'VILLA ROSARIO', '', '0000-00-00', '00:00:00', '', '0000-00-00', '00:00:00', '', ''),
('13', '1303', '13', '130313', 'SANTA ROSA', '', '0000-00-00', '00:00:00', '', '0000-00-00', '00:00:00', '', ''),
('13', '1304', '01', '130401', 'CHAME (CAB.)', '', '0000-00-00', '00:00:00', '', '0000-00-00', '00:00:00', '', ''),
('13', '1304', '02', '130402', 'BEJUCO', '', '0000-00-00', '00:00:00', '', '0000-00-00', '00:00:00', '', ''),
('13', '1304', '03', '130403', 'BUENOS AIRES', '', '0000-00-00', '00:00:00', '', '0000-00-00', '00:00:00', '', ''),
('13', '1304', '04', '130404', 'CABUYA', '', '0000-00-00', '00:00:00', '', '0000-00-00', '00:00:00', '', ''),
('13', '1304', '05', '130405', 'CHICí', '', '0000-00-00', '00:00:00', '', '0000-00-00', '00:00:00', '', ''),
('13', '1304', '06', '130406', 'EL LíBANO', '', '0000-00-00', '00:00:00', '', '0000-00-00', '00:00:00', '', ''),
('13', '1304', '07', '130407', 'LAS LAJAS', '', '0000-00-00', '00:00:00', '', '0000-00-00', '00:00:00', '', ''),
('13', '1304', '08', '130408', 'NUEVA GORGONA', '', '0000-00-00', '00:00:00', '', '0000-00-00', '00:00:00', '', ''),
('13', '1304', '09', '130409', 'PUNTA CHAME', '', '0000-00-00', '00:00:00', '', '0000-00-00', '00:00:00', '', ''),
('13', '1304', '10', '130410', 'SAJALICES', '', '0000-00-00', '00:00:00', '', '0000-00-00', '00:00:00', '', ''),
('13', '1304', '11', '130411', 'SORí', '', '0000-00-00', '00:00:00', '', '0000-00-00', '00:00:00', '', ''),
('13', '1305', '01', '130501', 'SAN CARLOS (CAB.)', '', '0000-00-00', '00:00:00', '', '0000-00-00', '00:00:00', '', ''),
('13', '1305', '02', '130502', 'EL ESPINO', '', '0000-00-00', '00:00:00', '', '0000-00-00', '00:00:00', '', ''),
('13', '1305', '03', '130503', 'EL HIGO', '', '0000-00-00', '00:00:00', '', '0000-00-00', '00:00:00', '', ''),
('13', '1305', '04', '130504', 'GUAYABITO', '', '0000-00-00', '00:00:00', '', '0000-00-00', '00:00:00', '', ''),
('13', '1305', '05', '130505', 'LA ERMITA', '', '0000-00-00', '00:00:00', '', '0000-00-00', '00:00:00', '', ''),
('13', '1305', '06', '130506', 'LA LAGUNA', '', '0000-00-00', '00:00:00', '', '0000-00-00', '00:00:00', '', ''),
('13', '1305', '07', '130507', 'LAS UVAS', '', '0000-00-00', '00:00:00', '', '0000-00-00', '00:00:00', '', ''),
('13', '1305', '08', '130508', 'LOS LLANITOS', '', '0000-00-00', '00:00:00', '', '0000-00-00', '00:00:00', '', ''),
('13', '1305', '09', '130509', 'SAN JOSí€°', '', '0000-00-00', '00:00:00', '', '0000-00-00', '00:00:00', '', ''),
('13', '1306', '01', '130601', 'BRILLANTE', '8-379-306', '2021-09-06', '22:04:00', '8-379-306', '2021-09-07', '10:32:26', 'USUARIO: 8-379-306 EQUIPO: 186.188.147.218 IP: 186.188.147.218 SO:  ', 'USUARIO: 8-379-306 EQUIPO: 181.197.41.217 IP: 181.197.41.217 SO:  ');

-- --------------------------------------------------------

--
-- Estructura de tabla para la tabla `datos`
--

CREATE TABLE `datos` (
  `Prefijo` int(2) NOT NULL DEFAULT 1,
  `Tomo` int(4) NOT NULL,
  `Asiento` int(5) NOT NULL,
  `Cedula` varchar(15) NOT NULL,
  `Nombre1` varchar(15) NOT NULL,
  `Nombre2` varchar(15) DEFAULT NULL,
  `Apellido1` varchar(15) NOT NULL,
  `Apellido2` varchar(15) DEFAULT NULL,
  `ApellidoC` varchar(15) DEFAULT NULL,
  `Uac` varchar(15) NOT NULL,
  `Genero` varchar(1) NOT NULL,
  `Estado_civil` varchar(10) DEFAULT NULL,
  `Fecha_Nac` date NOT NULL,
  `Provincia` varchar(20) NOT NULL,
  `Distrito` varchar(20) NOT NULL,
  `Corregimiento` varchar(25) NOT NULL,
  `Comunidad` varchar(30) NOT NULL,
  `Calle` varchar(15) NOT NULL,
  `Casa` varchar(6) NOT NULL,
  `Telefono` varchar(9) NOT NULL,
  `Correo` varchar(30) NOT NULL
) ENGINE=InnoDB DEFAULT CHARSET=utf8 COLLATE=utf8_unicode_ci;

--
-- Volcado de datos para la tabla `datos`
--

INSERT INTO `datos` (`Prefijo`, `Tomo`, `Asiento`, `Cedula`, `Nombre1`, `Nombre2`, `Apellido1`, `Apellido2`, `ApellidoC`, `Uac`, `Genero`, `Estado_civil`, `Fecha_Nac`, `Provincia`, `Distrito`, `Corregimiento`, `Comunidad`, `Calle`, `Casa`, `Telefono`, `Correo`) VALUES
(1, 3456, 23243, '1-3456-23243', 'Marcos', 'Enrique', 'Caceres', 'De servantes', '', 'No', 'F', 'Soltero', '1999-05-10', 'Darién', 'CHEPIGANA', 'JAQUí€°', 'Villa de Dios', 'Avenida Sanchez', '1044', '4356-7896', 'cvcbsdf@gmail.com'),
(1, 3456, 34434, '1-3456-34434', 'Pablo', 'Carlos', 'Suarez', '', '', 'No', 'M', 'V', '2026-05-18', '13', '1301', '130106', '3456uhgfd', 'sdafgh', 'dsfgh', '8756-4326', '3454675@gmail.com'),
(4, 104, 215, '4-104-215', 'Ana', 'Lucia', 'Rivera', 'Salinas', 'Si', 'Sí­', 'F', 'Casado', '1995-10-08', 'Bocas del Toro', 'BOCAS DEL TORO ', 'CAUCHERO', 'Villa Nueva', 'Avenida tercera', '134', '12345678', 'analucia@gmail.com'),
(6, 1045, 268, '6-1045-268', 'Julian', 'Enrique', 'Salinas', 'Hernandez', '', 'No', 'M', 'D', '1989-05-05', '02', '0203', '020306', 'Villa Esmeralda', 'Avenida Segunda', '67', '6984-1934', 'julianenrique'),
(6, 1874, 245, '6-1874-245', 'Lucia', 'Juliana', 'Hernandez', 'Lucre', 'Hernandez', 'Sí­', 'M', 'Casado', '1999-06-30', 'Herrera', 'PARITA', 'LOS CASTILLOS', 'Monte Alegre', 'Avenida Primera', '100', '6732-9293', 'luciahernandez@example.com'),
(8, 1037, 1953, '8-1037-1953', 'andre', 'alex', 'wtges', 'barrera', '', 'No', 'M', 'Soltero', '2006-05-07', 'Panamá Oeste', 'ARRAIJAN', 'VISTA ALEGRE', 'barriada de los guardias', '4', '28', '6421-6994', 'alexanwtges05@gmail.com');

-- --------------------------------------------------------

--
-- Estructura de tabla para la tabla `distrito`
--

CREATE TABLE `distrito` (
  `codigo_provincia` varchar(2) NOT NULL,
  `codigo_distrito` varchar(4) NOT NULL,
  `codigo` varchar(2) NOT NULL,
  `nombre_distrito` varchar(150) NOT NULL,
  `usuario_creacion` varchar(20) NOT NULL,
  `fecha_creacion` date NOT NULL,
  `hora_creacion` time NOT NULL,
  `usuario_actualiza` varchar(20) NOT NULL,
  `fecha_actualiza` date NOT NULL,
  `hora_actualiza` time NOT NULL,
  `detalle_conexion_creacion` varchar(200) NOT NULL,
  `detalle_conexion_actualiza` varchar(200) NOT NULL
) ENGINE=InnoDB DEFAULT CHARSET=utf8 COLLATE=utf8_unicode_ci;

--
-- Volcado de datos para la tabla `distrito`
--

INSERT INTO `distrito` (`codigo_provincia`, `codigo_distrito`, `codigo`, `nombre_distrito`, `usuario_creacion`, `fecha_creacion`, `hora_creacion`, `usuario_actualiza`, `fecha_actualiza`, `hora_actualiza`, `detalle_conexion_creacion`, `detalle_conexion_actualiza`) VALUES
('01', '0101', '01', 'BOCAS DEL TORO ', '', '0000-00-00', '00:00:00', '8-379-306', '2021-09-06', '13:36:05', '', 'USUARIO: 8-379-306 EQUIPO: cm-201-218-074-188.cpe-dynamic.cableonda.net IP: 201.218.74.188 SO:  '),
('01', '0102', '02', 'CHANGUINOLA', '', '0000-00-00', '00:00:00', '', '0000-00-00', '00:00:00', '', ''),
('01', '0103', '03', 'CHIRIQUI GRANDE', '', '0000-00-00', '00:00:00', '', '0000-00-00', '00:00:00', '', ''),
('01', '0104', '04', 'ALMIRANTE', '', '0000-00-00', '00:00:00', '', '0000-00-00', '00:00:00', '', ''),
('02', '0201', '01', 'AGUADULCE', '', '0000-00-00', '00:00:00', '', '0000-00-00', '00:00:00', '', ''),
('02', '0202', '02', 'ANTON', '', '0000-00-00', '00:00:00', '', '0000-00-00', '00:00:00', '', ''),
('02', '0203', '03', 'LA PINTADA', '', '0000-00-00', '00:00:00', '', '0000-00-00', '00:00:00', '', ''),
('02', '0204', '04', 'NATA', '', '0000-00-00', '00:00:00', '', '0000-00-00', '00:00:00', '', ''),
('02', '0205', '05', 'OLA', '', '0000-00-00', '00:00:00', '', '0000-00-00', '00:00:00', '', ''),
('02', '0206', '06', 'PENONOME', '', '0000-00-00', '00:00:00', '', '0000-00-00', '00:00:00', '', ''),
('03', '0301', '01', 'COLí€œN', '', '0000-00-00', '00:00:00', '', '0000-00-00', '00:00:00', '', ''),
('03', '0302', '02', 'CHAGRES', '', '0000-00-00', '00:00:00', '', '0000-00-00', '00:00:00', '', ''),
('03', '0303', '03', 'DONOSO', '', '0000-00-00', '00:00:00', '', '0000-00-00', '00:00:00', '', ''),
('03', '0304', '04', 'PORTOBELO', '', '0000-00-00', '00:00:00', '', '0000-00-00', '00:00:00', '', ''),
('03', '0305', '05', 'SANTA ISABEL', '', '0000-00-00', '00:00:00', '', '0000-00-00', '00:00:00', '', ''),
('03', '0306', '06', 'OMAR TORRIJOS HERRERA', '', '0000-00-00', '00:00:00', '', '0000-00-00', '00:00:00', '', ''),
('04', '0401', '01', 'ALANJE', '', '0000-00-00', '00:00:00', '', '0000-00-00', '00:00:00', '', ''),
('04', '0402', '02', 'BARU', '', '0000-00-00', '00:00:00', '', '0000-00-00', '00:00:00', '', ''),
('04', '0403', '03', 'BOQUERON', '', '0000-00-00', '00:00:00', '', '0000-00-00', '00:00:00', '', ''),
('04', '0404', '04', 'BOQUETE', '', '0000-00-00', '00:00:00', '', '0000-00-00', '00:00:00', '', ''),
('04', '0405', '05', 'BUGABA', '', '0000-00-00', '00:00:00', '', '0000-00-00', '00:00:00', '', ''),
('04', '0406', '06', 'DAVID', '', '0000-00-00', '00:00:00', '', '0000-00-00', '00:00:00', '', ''),
('04', '0407', '07', 'DOLEGA', '', '0000-00-00', '00:00:00', '', '0000-00-00', '00:00:00', '', ''),
('04', '0408', '08', 'GUALACA', '', '0000-00-00', '00:00:00', '', '0000-00-00', '00:00:00', '', ''),
('04', '0409', '09', 'REMEDIOS', '', '0000-00-00', '00:00:00', '', '0000-00-00', '00:00:00', '', ''),
('04', '0410', '10', 'RENACIMIENTO', '', '0000-00-00', '00:00:00', '', '0000-00-00', '00:00:00', '', ''),
('04', '0411', '11', 'SAN FELIX', '', '0000-00-00', '00:00:00', '', '0000-00-00', '00:00:00', '', ''),
('04', '0412', '12', 'SAN LORENZO', '', '0000-00-00', '00:00:00', '', '0000-00-00', '00:00:00', '', ''),
('04', '0413', '13', 'TOLí€°', '', '0000-00-00', '00:00:00', '', '0000-00-00', '00:00:00', '', ''),
('04', '0414', '14', 'TIERRAS ALTAS ', '', '0000-00-00', '00:00:00', '', '0000-00-00', '00:00:00', '', ''),
('05', '0501', '01', 'CHEPIGANA', '', '0000-00-00', '00:00:00', '', '0000-00-00', '00:00:00', '', ''),
('05', '0502', '02', 'PINOGANA', '', '0000-00-00', '00:00:00', '', '0000-00-00', '00:00:00', '', ''),
('05', '0503', '03', 'SANTA FE', '', '0000-00-00', '00:00:00', '8-379-306', '2021-09-06', '12:40:30', '', 'USUARIO: 8-379-306 EQUIPO: cm-201-218-074-188.cpe-dynamic.cableonda.net IP: 201.218.74.188 SO:  '),
('06', '0601', '01', 'CHITRE', '', '0000-00-00', '00:00:00', '', '0000-00-00', '00:00:00', '', ''),
('06', '0602', '02', 'LAS MINAS', '', '0000-00-00', '00:00:00', '', '0000-00-00', '00:00:00', '', ''),
('06', '0603', '03', 'LOS POZOS', '', '0000-00-00', '00:00:00', '', '0000-00-00', '00:00:00', '', ''),
('06', '0604', '04', 'OCíƒÅ¡', '', '0000-00-00', '00:00:00', '', '0000-00-00', '00:00:00', '', ''),
('06', '0605', '05', 'PARITA', '', '0000-00-00', '00:00:00', '', '0000-00-00', '00:00:00', '', ''),
('06', '0606', '06', 'PESE', '', '0000-00-00', '00:00:00', '', '0000-00-00', '00:00:00', '', ''),
('06', '0607', '07', 'SANTA MARIA', '', '0000-00-00', '00:00:00', '', '0000-00-00', '00:00:00', '', ''),
('07', '0701', '01', 'GUARARE', '', '0000-00-00', '00:00:00', '', '0000-00-00', '00:00:00', '', ''),
('07', '0702', '02', 'LAS TABLAS', '', '0000-00-00', '00:00:00', '', '0000-00-00', '00:00:00', '', ''),
('07', '0703', '03', 'LOS SANTOS', '', '0000-00-00', '00:00:00', '', '0000-00-00', '00:00:00', '', ''),
('07', '0704', '04', 'MACARACAS', '', '0000-00-00', '00:00:00', '', '0000-00-00', '00:00:00', '', ''),
('07', '0705', '05', 'PEDASI', '', '0000-00-00', '00:00:00', '', '0000-00-00', '00:00:00', '', ''),
('07', '0706', '06', 'POCRI', '', '0000-00-00', '00:00:00', '', '0000-00-00', '00:00:00', '', ''),
('07', '0707', '07', 'TONOSI', '', '0000-00-00', '00:00:00', '', '0000-00-00', '00:00:00', '', ''),
('08', '0801', '01', 'PANAMí', '', '0000-00-00', '00:00:00', '', '0000-00-00', '00:00:00', '', ''),
('08', '0802', '02', 'BALBOA', '', '0000-00-00', '00:00:00', '', '0000-00-00', '00:00:00', '', ''),
('08', '0803', '03', 'SAN MIGUELITO', '', '0000-00-00', '00:00:00', '', '0000-00-00', '00:00:00', '', ''),
('08', '0804', '04', 'TABOGA', '', '0000-00-00', '00:00:00', '', '0000-00-00', '00:00:00', '', ''),
('08', '0805', '05', 'CHEPO', '', '0000-00-00', '00:00:00', '', '0000-00-00', '00:00:00', '', ''),
('08', '0806', '06', 'CHIMAN', '', '0000-00-00', '00:00:00', '', '0000-00-00', '00:00:00', '', ''),
('09', '0901', '01', 'ATALAYA', '', '0000-00-00', '00:00:00', '', '0000-00-00', '00:00:00', '', ''),
('09', '0902', '02', 'CALOBRE', '', '0000-00-00', '00:00:00', '', '0000-00-00', '00:00:00', '', ''),
('09', '0903', '03', 'CAí€˜AZAS', '', '0000-00-00', '00:00:00', '', '0000-00-00', '00:00:00', '', ''),
('09', '0904', '04', 'LA MESA', '', '0000-00-00', '00:00:00', '', '0000-00-00', '00:00:00', '', ''),
('09', '0905', '05', 'LAS PALMAS', '', '0000-00-00', '00:00:00', '', '0000-00-00', '00:00:00', '', ''),
('09', '0906', '06', 'MONTIJO', '', '0000-00-00', '00:00:00', '', '0000-00-00', '00:00:00', '', ''),
('09', '0907', '07', 'RIO DE JESUS', '', '0000-00-00', '00:00:00', '', '0000-00-00', '00:00:00', '', ''),
('09', '0908', '08', 'SAN FRANCISCO', '', '0000-00-00', '00:00:00', '', '0000-00-00', '00:00:00', '', ''),
('09', '0909', '09', 'SANTA FE', '', '0000-00-00', '00:00:00', '', '0000-00-00', '00:00:00', '', ''),
('09', '0910', '10', 'SANTIAGO', '', '0000-00-00', '00:00:00', '', '0000-00-00', '00:00:00', '', ''),
('09', '0911', '11', 'SONA', '', '0000-00-00', '00:00:00', '', '0000-00-00', '00:00:00', '', ''),
('09', '0912', '12', 'MARIATO', '', '0000-00-00', '00:00:00', '', '0000-00-00', '00:00:00', '', ''),
('10', '1001', '01', 'COMARCA KUNA YALA', '', '0000-00-00', '00:00:00', '', '0000-00-00', '00:00:00', '', ''),
('11', '1101', '01', 'CEMACO', '', '0000-00-00', '00:00:00', '', '0000-00-00', '00:00:00', '', ''),
('11', '1102', '02', 'SAMBU', '', '0000-00-00', '00:00:00', '', '0000-00-00', '00:00:00', '', ''),
('12', '1201', '01', 'BESIKO', '', '0000-00-00', '00:00:00', '', '0000-00-00', '00:00:00', '', ''),
('12', '1202', '02', 'MIRONO', '', '0000-00-00', '00:00:00', '', '0000-00-00', '00:00:00', '', ''),
('12', '1203', '03', 'MUNA', '', '0000-00-00', '00:00:00', '', '0000-00-00', '00:00:00', '', ''),
('12', '1204', '04', 'NOLE DUIMA', '', '0000-00-00', '00:00:00', '', '0000-00-00', '00:00:00', '', ''),
('12', '1205', '05', 'í€˜URUM', '', '0000-00-00', '00:00:00', '', '0000-00-00', '00:00:00', '', ''),
('12', '1206', '06', 'KANKINTU', '', '0000-00-00', '00:00:00', '', '0000-00-00', '00:00:00', '', ''),
('12', '1207', '07', 'KUSAPIN', '', '0000-00-00', '00:00:00', '', '0000-00-00', '00:00:00', '', ''),
('12', '1208', '08', 'JIRONDAI', '', '0000-00-00', '00:00:00', '', '0000-00-00', '00:00:00', '', ''),
('12', '1209', '09', 'SANTA CATALINA O CALOVí€°DORA', '', '0000-00-00', '00:00:00', '', '0000-00-00', '00:00:00', '', ''),
('13', '1301', '01', 'ARRAIJAN', '', '0000-00-00', '00:00:00', '', '0000-00-00', '00:00:00', '', ''),
('13', '1302', '02', 'LA CHORRERA', '', '0000-00-00', '00:00:00', '', '0000-00-00', '00:00:00', '', ''),
('13', '1303', '03', 'CAPIRA', '', '0000-00-00', '00:00:00', '', '0000-00-00', '00:00:00', '', ''),
('13', '1304', '04', 'CHAME', '', '0000-00-00', '00:00:00', '', '0000-00-00', '00:00:00', '', ''),
('13', '1305', '05', 'SAN CARLOS', '', '0000-00-00', '00:00:00', '', '0000-00-00', '00:00:00', '', '');

-- --------------------------------------------------------

--
-- Estructura de tabla para la tabla `portapapeles`
--

CREATE TABLE `portapapeles` (
  `Prefijo` varchar(2) DEFAULT NULL,
  `Tomo` varchar(4) DEFAULT NULL,
  `Asiento` varchar(5) DEFAULT NULL,
  `Cedula` varchar(15) DEFAULT NULL,
  `Nombre1` varchar(15) DEFAULT NULL,
  `Nombre2` varchar(15) DEFAULT NULL,
  `Apellido1` varchar(15) DEFAULT NULL,
  `Apellido2` varchar(15) DEFAULT NULL,
  `ApellidoC` varchar(15) DEFAULT NULL,
  `UAC` varchar(10) DEFAULT NULL,
  `Genero` varchar(2) DEFAULT NULL,
  `EstadoCivil` varchar(10) DEFAULT NULL,
  `FechaNac` date DEFAULT NULL,
  `Provincia` varchar(30) DEFAULT NULL,
  `Distrito` varchar(30) DEFAULT NULL,
  `Corregimiento` varchar(30) DEFAULT NULL,
  `Comunidad` varchar(30) DEFAULT NULL,
  `Calle` varchar(20) DEFAULT NULL,
  `Casa` varchar(20) DEFAULT NULL,
  `Telefono` varchar(10) DEFAULT NULL,
  `Correo` varchar(30) DEFAULT NULL
) ENGINE=InnoDB DEFAULT CHARSET=utf8 COLLATE=utf8_unicode_ci;

-- --------------------------------------------------------

--
-- Estructura de tabla para la tabla `provincia`
--

CREATE TABLE `provincia` (
  `codigo_provincia` varchar(2) NOT NULL,
  `nombre_provincia` varchar(50) NOT NULL
) ENGINE=InnoDB DEFAULT CHARSET=utf8 COLLATE=utf8_unicode_ci;

--
-- Volcado de datos para la tabla `provincia`
--

INSERT INTO `provincia` (`codigo_provincia`, `nombre_provincia`) VALUES
('01', 'Bocas del Toro'),
('02', 'Coclé'),
('03', 'Colón'),
('04', 'Chiriquí­'),
('05', 'Darién'),
('06', 'Herrera'),
('07', 'Los Santos'),
('08', 'Panamá'),
('09', 'Veraguas'),
('10', 'Comarca Gunayala'),
('11', 'Comarca Embera Wounaan'),
('12', 'Comarca Ngabe-Bugle'),
('13', 'Panamá Oeste');

--
-- índices para tablas volcadas
--

--
-- Indices de la tabla `corregimiento`
--
ALTER TABLE `corregimiento`
  ADD UNIQUE KEY `unico` (`codigo_corregimiento`);

--
-- Indices de la tabla `datos`
--
ALTER TABLE `datos`
  ADD PRIMARY KEY (`Cedula`);

--
-- Indices de la tabla `distrito`
--
ALTER TABLE `distrito`
  ADD UNIQUE KEY `llave` (`codigo_distrito`);

--
-- Indices de la tabla `provincia`
--
ALTER TABLE `provincia`
  ADD UNIQUE KEY `codigo_provincia` (`codigo_provincia`);
COMMIT;

/*!40101 SET CHARACTER_SET_CLIENT=@OLD_CHARACTER_SET_CLIENT */;
/*!40101 SET CHARACTER_SET_RESULTS=@OLD_CHARACTER_SET_RESULTS */;
/*!40101 SET COLLATION_CONNECTION=@OLD_COLLATION_CONNECTION */;
